,head,tail,year
0,929008,52795,2019
1,891103,1412270,2020
2,842518,1667939,2020
3,74208,924901,2019
4,1100682,801748,2020
5,1618921,927653,2019
6,1071119,1126234,2019
7,1534120,1138776,2020
8,711772,1526952,2019
9,764065,918160,2020
10,310354,98752,2019
11,1067983,790703,2019
12,316709,1173431,2019
13,729986,870385,2020
14,1002638,1340127,2019
15,1770450,47217,2019
16,1562476,1095996,2020
17,36966,933141,2019
18,896622,1034258,2019
19,1471265,1094810,2020
20,899866,1070336,2020
21,1255474,867665,2019
22,1594466,1685715,2019
23,1521036,835887,2019
24,858877,1561550,2019
25,1385818,1411879,2020
26,946647,707886,2020
27,1413329,764180,2019
28,77877,1413507,2020
29,1124610,1366527,2019
30,1411494,1674168,2019
31,813828,1339947,2019
32,1743881,1731831,2019
33,1192448,1343304,2019
34,1579684,1635718,2019
35,1372807,1297704,2019
36,1124140,1131324,2019
37,203596,1253317,2019
38,812011,1517401,2019
39,928022,1040593,2019
40,1378946,1501364,2019
41,1417398,1637913,2019
42,858877,1651235,2019
43,38984,1372414,2019
44,1551152,1578845,2020
45,742126,1703038,2019
46,932696,937941,2019
47,704532,1094392,2019
48,78003,1100412,2019
49,894871,1080056,2019
50,1108524,1303652,2019
51,101829,1047122,2020
52,1123360,1320760,2019
53,25445,1091883,2019
54,1645590,949158,2019
55,1058057,1316016,2019
56,1067983,797468,2019
57,1428336,1158863,2019
58,1739104,1509190,2019
59,52988,1487101,2019
60,1411494,1563407,2019
61,884614,932628,2019
62,66570,100625,2019
63,1097864,1370702,2019
64,1071739,1279363,2020
65,25232,1176373,2019
66,1037976,1380509,2019
67,1136893,1533932,2019
68,714395,1073475,2019
69,310158,1437786,2019
70,1099800,764579,2019
71,92230,750556,2019
72,1324424,1669600,2019
73,1318605,319815,2019
74,914475,1640266,2019
75,19612,814184,2019
76,1101302,1660690,2019
77,1376139,1558785,2019
78,798354,883980,2019
79,714562,1041550,2019
80,59478,1581720,2019
81,14272,816284,2019
82,1095651,1688852,2019
83,882095,1098972,2018
84,351569,822662,2019
85,1142417,726513,2019
86,894315,894315,2018
87,1378946,1522420,2019
88,1060021,1337619,2018
89,1102266,1609951,2019
90,1464790,1023844,2018
91,1168054,1469510,2019
92,1084384,1053374,2019
93,820318,1094739,2019
94,876343,1572552,2019
95,1517228,1645494,2019
96,1592386,920424,2019
97,1527590,1556364,2019
98,789570,858339,2018
99,1157806,912750,2019
100,1110803,1299130,2018
101,1025835,99771,2019
102,1481792,1669812,2018
103,1049502,726514,2019
104,59478,1399529,2018
105,945764,77159,2018
106,51143,1087423,2019
107,826154,1551739,2019
108,1592000,1179060,2019
109,70866,1507986,2018
110,1035002,1583103,2019
111,1447669,1477425,2019
112,202058,1039101,2019
113,1260221,33619,2019
114,712534,1118237,2019
115,883948,1176316,2019
116,1535379,1610532,2019
117,1370450,1065860,2018
118,741516,1461640,2019
119,776901,1601545,2019
120,715957,1603286,2019
121,1494319,1604416,2019
122,310764,1393020,2018
123,1571123,1544229,2019
124,931015,104897,2018
125,310764,1499807,2018
126,1059556,1038222,2018
127,874766,793547,2019
128,1102934,1028215,2018
129,1539838,277595,2018
130,1020859,95521,2018
131,18349,1476651,2019
132,1501570,1606363,2019
133,98222,1030749,2018
134,1730168,356028,2018
135,1411494,1142417,2018
136,726854,1511071,2018
137,1395848,31347,2018
138,1177394,1062047,2018
139,1517022,1114220,2018
140,1166691,1308161,2018
141,1676479,1472093,2018
142,310764,885725,2018
143,1562476,39677,2018
144,702325,744485,2018
145,1411494,1657788,2018
146,35527,1139812,2019
147,895728,880285,2018
148,895728,1173911,2018
149,895728,1394074,2018
150,1555280,881890,2018
151,1614184,1497275,2019
152,1411494,108772,2018
153,1043219,1516973,2018
154,1510295,50104,2018
155,1465740,1396446,2018
156,1540947,1620928,2018
157,1035201,766829,2018
158,860413,893467,2018
159,1102266,1136796,2018
160,88205,712843,2018
161,1018724,870826,2018
162,1130310,1096385,2019
163,72741,276209,2018
164,203596,713095,2018
165,104169,49071,2018
166,1358071,1588216,2018
167,1361538,895450,2018
168,1633651,1569134,2018
169,1435064,310056,2018
170,1108524,1374684,2018
171,1331875,94344,2018
172,16058,1646383,2018
173,766829,276209,2019
174,1633978,1110647,2018
175,701221,1532063,2018
176,827054,310568,2018
177,873860,77776,2018
178,1487730,109177,2018
179,40704,1609989,2018
180,14272,906709,2018
181,860748,1195933,2018
182,933136,1520566,2018
183,884713,1123316,2018
184,40533,1646383,2018
185,1110805,1223786,2018
186,1533924,1349436,2018
187,1060736,1412067,2018
188,1296445,1172136,2018
189,882796,861838,2018
190,1464790,1059272,2018
191,1402436,714603,2018
192,5272,1535929,2018
193,715957,754737,2019
194,320193,1065280,2018
195,1567892,1365216,2018
196,354950,1166003,2017
197,47111,1640313,2018
198,708819,1027884,2018
199,16732,57528,2018
200,1001039,1308161,2019
201,356171,1163199,2018
202,700565,1129847,2018
203,1038074,790715,2017
204,896493,104897,2018
205,64803,1122304,2018
206,1058057,1175609,2018
207,351569,1404296,2018
208,1303313,799231,2018
209,1676479,1404306,2017
210,1349436,1509589,2017
211,46080,63276,2017
212,808362,1701605,2017
213,1567892,1274644,2017
214,1513965,1547638,2017
215,1013934,1104349,2018
216,1692819,1379895,2018
217,882104,1467652,2017
218,858877,1086909,2018
219,79716,1022469,2018
220,1253317,859222,2018
221,1530950,33769,2018
222,1515673,1592288,2017
223,1133421,866121,2018
224,780571,1180079,2018
225,1491419,1355839,2017
226,1659166,825410,2017
227,1435064,719733,2017
228,101829,1137411,2018
229,889331,945699,2018
230,882095,1510580,2017
231,1590877,1592288,2017
232,1163739,1022705,2017
233,879526,350846,2017
234,1618921,1388195,2017
235,1501134,1383183,2017
236,1002638,1375557,2017
237,1339947,1430602,2017
238,7789,1123270,2018
239,908255,825411,2017
240,1339605,1617667,2017
241,716133,1487986,2018
242,1411494,1577095,2017
243,732712,1001039,2017
244,1004702,1017793,2018
245,95953,931584,2017
246,857855,1040799,2017
247,33213,1588238,2017
248,1018724,865436,2017
249,706129,1500836,2017
250,870385,1027183,2017
251,1002638,1563699,2017
252,882184,1406587,2017
253,883980,1614818,2017
254,824410,1476264,2018
255,840489,840489,2017
256,1411494,1024657,2017
257,1404912,1230276,2017
258,912752,726513,2017
259,1492298,1639947,2017
260,36966,1479750,2017
261,764038,1507277,2017
262,100493,1669792,2017
263,732712,1574460,2018
264,10795,9892,2017
265,857855,1091491,2017
266,1507615,1581908,2017
267,936528,1448301,2017
268,1576940,1572684,2017
269,732717,1574460,2017
270,1102112,1543643,2017
271,1018724,1093691,2017
272,356309,91928,2017
273,1288469,753568,2017
274,1628908,1157377,2017
275,1592386,1569391,2017
276,890821,918581,2017
277,1070154,910322,2017
278,1645590,1452751,2017
279,849399,1370880,2017
280,1464790,1371446,2017
281,859737,885306,2017
282,703361,1432150,2017
283,1578845,1415336,2017
284,103145,909791,2017
285,1601046,1120295,2017
286,802681,922487,2017
287,1466026,1019650,2017
288,732712,1091667,2017
289,217346,719866,2017
290,1356090,934473,2017
291,1115055,1210227,2017
292,59478,1348649,2017
293,72207,880115,2017
294,917520,892160,2017
295,887343,1084717,2017
296,749251,1066104,2017
297,65011,1591517,2017
298,1084752,1380393,2016
299,1505155,1020579,2017
300,90498,914374,2017
301,1325670,1047170,2017
302,1028918,921547,2017
303,1452857,709804,2017
304,1131554,1488075,2017
305,1304421,1062613,2017
306,96943,1030206,2017
307,76334,20740,2017
308,1357671,1162896,2016
309,1493594,711065,2017
310,849399,1383871,2017
311,860413,865911,2017
312,50104,1339048,2017
313,910606,1042810,2017
314,913142,854775,2016
315,796343,1449278,2016
316,932696,1056923,2017
317,1062231,1114999,2017
318,4127,310568,2016
319,1537435,1378706,2017
320,18926,794323,2017
321,1514705,1555538,2016
322,1393818,1082754,2017
323,804328,1413447,2016
324,33213,919721,2020
325,1513965,1523404,2017
326,723188,726517,2017
327,1176316,914138,2017
328,1137411,861361,2017
329,732717,1105705,2018
330,56873,865436,2016
331,712537,1025877,2017
332,318154,879407,2016
333,885725,1623919,2016
334,1635718,1413898,2016
335,1261694,1226308,2016
336,1578845,1311596,2016
337,1578845,1157602,2016
338,1492426,1070698,2016
339,880771,812796,2016
340,707886,1096654,2017
341,1061219,107263,2016
342,313616,1037760,2016
343,895728,1373835,2017
344,1492915,719220,2017
345,1378992,785787,2017
346,946647,1009976,2017
347,78003,1011835,2016
348,729986,1060523,2017
349,97745,1110803,2016
350,723254,39648,2017
351,912595,903127,2016
352,1012620,831968,2016
353,1645590,1316625,2016
354,777676,1117106,2016
355,920148,1076481,2016
356,6281,791907,2017
357,1411494,941604,2016
358,37808,1366367,2017
359,1004702,1298716,2016
360,108772,29669,2016
361,78003,1385228,2016
362,1103982,47111,2016
363,929351,1507934,2016
364,1411494,1566897,2016
365,1635718,1297336,2016
366,1378946,754673,2017
367,1039065,5768,2016
368,811589,1127160,2017
369,1318605,1408356,2016
370,887921,95052,2016
371,827809,1338042,2016
372,895930,1578318,2016
373,1175609,918386,2016
374,1300514,1174922,2016
375,789019,1271024,2016
376,1136869,1348324,2016
377,1302324,1528610,2017
378,1108524,1301031,2016
379,811808,723594,2017
380,1232524,1327467,2016
381,54507,1143068,2018
382,97745,914329,2016
383,719413,66649,2016
384,1287750,817473,2017
385,797468,6769,2016
386,1006837,821026,2016
387,78003,1411158,2016
388,1033905,1105184,2016
389,1018724,1135185,2016
390,1478242,1595262,2016
391,203596,933590,2016
392,777676,1412043,2016
393,25232,729237,2016
394,1424454,1088825,2016
395,840489,807884,2016
396,1800,203077,2017
397,777676,1565337,2016
398,700565,1357971,2016
399,1635718,1593195,2016
400,1170534,1010552,2016
401,1043219,1419521,2016
402,24741,1122342,2016
403,1157647,1355786,2016
404,1009626,1294016,2016
405,857855,1178409,2016
406,1574774,1307752,2016
407,89800,102741,2017
408,21510,1019361,2016
409,1411494,35214,2016
410,1411494,1489979,2016
411,1166691,101984,2016
412,72971,4962,2016
413,1411579,799088,2016
414,1031623,215419,2016
415,1428205,1552890,2016
416,1467760,1515980,2016
417,92122,882154,2016
418,1049502,225263,2016
419,773840,101829,2016
420,1411494,1546640,2016
421,1143155,1442741,2016
422,1039399,864559,2016
423,1800,1145460,2017
424,715957,751652,2016
425,1115055,1616297,2016
426,49196,354869,2016
427,19612,1360683,2016
428,820318,940332,2016
429,1318220,1057058,2016
430,707179,885322,2016
431,97745,913077,2016
432,1102392,1490630,2016
433,1004702,1411303,2016
434,1335258,1553588,2015
435,1123360,1144354,2016
436,814453,895655,2016
437,29915,30554,2017
438,730255,355777,2016
439,102212,1359111,2016
440,813762,77449,2016
441,1128361,1285224,2016
442,310158,1416792,2015
443,1562401,1548981,2016
444,1452857,1060824,2015
445,314489,1062438,2016
446,1613665,881790,2016
447,1619551,1023844,2015
448,1109242,1128361,2015
449,1479750,764811,2016
450,9892,17485,2016
451,320193,1372612,2015
452,1260221,99359,2016
453,1097864,1036960,2016
454,16875,702165,2015
455,1048286,316206,2016
456,1393818,70866,2015
457,891103,1491778,2015
458,106535,849213,2016
459,1324424,1366684,2015
460,1389170,1379661,2016
461,936402,907562,2016
462,318833,54441,2016
463,91576,1051741,2016
464,910073,910322,2015
465,57528,1320947,2016
466,1618921,84129,2015
467,890821,1017968,2015
468,30371,78460,2016
469,714395,1015593,2016
470,1013606,1432732,2016
471,707549,319201,2015
472,106040,1000180,2016
473,310568,767920,2016
474,6281,743316,2015
475,1551739,1503063,2016
476,1366367,714530,2016
477,1002638,880562,2015
478,53669,1289308,2015
479,1349929,1124608,2015
480,1507277,1373525,2016
481,351569,1071264,2016
482,19617,1163302,2015
483,1158172,800458,2016
484,1142417,216539,2017
485,791915,872448,2015
486,1316360,1324245,2015
487,1323639,1459266,2015
488,1508655,1259429,2015
489,818479,1014507,2016
490,1514991,1507934,2015
491,1166003,23675,2015
492,936402,1428522,2015
493,29002,1001426,2015
494,885590,836429,2015
495,1527166,921503,2015
496,87347,941548,2016
497,92122,1004155,2016
498,101829,72423,2015
499,1137789,1042783,2015
500,92230,700733,2016
501,1210227,1083689,2016
502,354963,1328571,2016
503,1067983,79958,2016
504,1337619,1161315,2015
505,879215,1379895,2015
506,51143,944765,2015
507,50104,48039,2015
508,1005229,751085,2015
509,203077,350907,2015
510,945436,1607716,2015
511,816284,1463729,2015
512,1552000,1166036,2015
513,908255,1046859,2015
514,885590,852564,2015
515,1065696,728303,2015
516,1492426,1005201,2015
517,1071739,916085,2016
518,896159,20171,2016
519,1297587,1287701,2015
520,712534,855574,2016
521,816284,1594864,2015
522,885590,1555280,2015
523,791770,1091801,2015
524,1156039,701221,2015
525,1436425,1392562,2015
526,731766,1122304,2015
527,878560,85974,2015
528,944809,792641,2015
529,1283699,1001082,2015
530,50863,768251,2015
531,1411494,899723,2015
532,1441634,1054374,2016
533,1262039,1167294,2015
534,356028,1313911,2015
535,1398659,1040426,2015
536,1384072,1364541,2015
537,64803,353230,2015
538,1498301,874214,2015
539,1441634,743988,2015
540,791915,854701,2015
541,313616,75829,2015
542,732712,1468516,2015
543,72207,1340282,2015
544,827054,932111,2015
545,1038205,1365997,2015
546,1136352,1304464,2015
547,899866,911326,2015
548,78814,1277141,2015
549,936395,1391636,2015
550,1006837,1141299,2015
551,3197,1422862,2015
552,1587523,1201663,2015
553,857855,706874,2015
554,1210618,1140310,2015
555,1551739,1477968,2015
556,1326200,1474042,2015
557,1067983,1616862,2015
558,1507615,1576044,2015
559,1351541,1325955,2015
560,1611983,1091667,2016
561,818686,1454189,2015
562,731766,1363851,2015
563,1492426,1386858,2015
564,1519751,1582616,2015
565,936402,1048477,2015
566,719413,1404592,2015
567,310568,880446,2015
568,818686,1557421,2015
569,1593034,1009356,2015
570,862692,1289496,2015
571,1212545,1304740,2015
572,1063761,912242,2015
573,4281,1068717,2015
574,1551152,949699,2015
575,828944,1373079,2015
576,47217,1173752,2015
577,1015328,1123735,2015
578,1170534,1361470,2015
579,1390162,1003961,2015
580,1102112,1329799,2015
581,1413447,1392522,2015
582,723188,1485001,2015
583,1308161,1437107,2015
584,1556593,1513161,2015
585,1324424,1394159,2015
586,202058,1524471,2015
587,29669,25212,2015
588,78003,1274057,2015
589,1288469,1227930,2015
590,1239819,869986,2015
591,1402436,1002225,2015
592,855658,1003214,2015
593,1159297,230498,2015
594,1140859,1323974,2015
595,936402,890465,2015
596,95953,31107,2015
597,50863,1463972,2015
598,1011006,1430602,2015
599,778164,1285043,2015
600,1496631,1513971,2015
601,858339,1575879,2017
602,894237,890846,2015
603,215466,1342854,2015
604,1471265,737210,2015
605,1380393,827230,2015
606,715072,1493491,2015
607,1185348,1185348,2014
608,310158,912183,2015
609,1002638,1062478,2015
610,1084048,1340127,2014
611,753308,354707,2014
612,1449792,1080398,2014
613,791915,1322705,2015
614,1578845,850693,2015
615,1210227,921590,2015
616,45012,808362,2014
617,791770,900349,2014
618,46080,1297401,2014
619,92230,700863,2015
620,844856,1504937,2015
621,1108134,1375320,2015
622,1244937,1371781,2015
623,920148,1023131,2015
624,19612,1169769,2015
625,203596,872835,2015
626,707388,1054102,2014
627,1492658,1137861,2015
628,720500,840883,2015
629,1170534,1388133,2014
630,1046257,739608,2015
631,1389170,1347218,2015
632,1379661,1092914,2015
633,16875,277948,2014
634,799165,351231,2015
635,1578845,1544116,2014
636,10795,1457543,2015
637,1061219,1516007,2014
638,1564708,1085770,2014
639,1157806,1574648,2014
640,1518715,1412109,2015
641,920148,1168197,2014
642,1116942,1101169,2015
643,1302324,1578776,2015
644,1593034,1182129,2015
645,915389,1547063,2014
646,1411303,1485527,2015
647,1094831,1292426,2015
648,40704,1431897,2014
649,92230,934547,2015
650,1318568,896400,2014
651,1094285,354655,2014
652,897893,95047,2014
653,1006837,1022652,2014
654,1432150,1126741,2014
655,850693,1009356,2014
656,29534,34408,2014
657,1393726,1495925,2014
658,1506307,1410838,2014
659,1506307,888228,2014
660,1506307,1135017,2014
661,1038205,927807,2015
662,1156375,1292426,2014
663,832428,1232241,2015
664,935703,34408,2015
665,1334814,1349454,2015
666,1357371,1502012,2014
667,887343,1284506,2014
668,806279,1492324,2015
669,66382,1116755,2014
670,915913,1315695,2015
671,1398987,1142512,2014
672,1255474,1322866,2014
673,868857,102379,2014
674,1275283,1424847,2015
675,910606,1397807,2014
676,1504461,1319229,2014
677,56873,1401688,2014
678,75252,748270,2014
679,1497275,1044082,2015
680,783325,916863,2015
681,1441634,850579,2014
682,1000180,1383729,2014
683,794323,1057758,2014
684,1483096,1324518,2015
685,1075531,1125914,2014
686,109177,887733,2014
687,6281,1130866,2014
688,310158,1093649,2014
689,1050441,1400810,2014
690,700733,921051,2014
691,100493,23666,2014
692,802481,23666,2014
693,732717,1465112,2015
694,799088,1510326,2014
695,1099941,878932,2014
696,1060009,1096142,2015
697,1006837,1038368,2014
698,714310,1415277,2014
699,1109357,1135971,2016
700,705432,1470795,2014
701,866121,820736,2015
702,38074,1484478,2014
703,37808,1471088,2014
704,1567892,891288,2014
705,12927,1049521,2014
706,816284,1280600,2014
707,50863,1535379,2014
708,63296,719164,2014
709,1507277,926164,2014
710,911160,913885,2015
711,1332349,1001604,2014
712,1578845,38074,2014
713,320193,1318605,2014
714,891014,813621,2014
715,711665,1003130,2014
716,1166691,1377013,2014
717,1567892,1333248,2014
718,827054,730000,2014
719,21344,909954,2015
720,1101302,1041577,2014
721,1401700,1493225,2014
722,916076,97472,2014
723,1368252,1528610,2014
724,1538263,1222915,2014
725,712771,1462694,2014
726,356171,353191,2014
727,1411494,813920,2014
728,933141,934538,2014
729,1091667,1377013,2014
730,707179,775345,2014
731,818686,1375200,2014
732,1062047,1405287,2014
733,310764,812301,2014
734,1393818,1334036,2014
735,1544229,30822,2014
736,1356090,1186519,2014
737,777676,1084817,2014
738,1287032,1000045,2013
739,1463258,1029023,2014
740,1404912,1386926,2014
741,1100962,1375200,2013
742,885590,1171298,2014
743,1105472,1003950,2014
744,1437107,1430602,2013
745,1404912,933136,2013
746,884217,920033,2014
747,1568832,1261436,2014
748,1501364,1405049,2014
749,1339048,1533454,2013
750,936402,946840,2014
751,1009356,1172480,2014
752,1436425,707604,2014
753,1493594,1224370,2013
754,1403085,921503,2013
755,29669,921500,2014
756,1396440,746210,2013
757,865911,1413440,2014
758,1046025,1058690,2014
759,1163370,1081860,2014
760,1070423,1481506,2013
761,921547,1129920,2014
762,310568,82628,2013
763,49196,16614,2014
764,1338613,1144945,2014
765,920033,884217,2013
766,1495584,1120817,2013
767,1568832,1001871,2014
768,892653,884130,2013
769,1356090,1319009,2013
770,96223,109177,2013
771,929452,883945,2013
772,310764,1411861,2013
773,1127703,1321268,2014
774,946673,1413440,2013
775,935036,1045150,2013
776,1069157,1068300,2014
777,1438533,1178711,2013
778,75677,1391390,2013
779,1077771,891106,2014
780,707179,1072847,2014
781,40528,1443062,2013
782,729237,1283709,2013
783,9892,868368,2013
784,3116,887497,2014
785,1404912,1162112,2013
786,1042729,778972,2014
787,743316,1050550,2013
788,1108109,792985,2014
789,912183,1142576,2013
790,912183,1356857,2013
791,858877,1168195,2013
792,1102112,1241199,2014
793,877422,69671,2013
794,831547,1140028,2013
795,1139812,1025536,2014
796,732717,1065049,2014
797,709804,1075656,2013
798,56873,85704,2014
799,318154,1012140,2013
800,1023844,914142,2013
801,37808,1052101,2014
802,39899,356080,2013
803,318154,1061983,2013
804,913341,804561,2013
805,883948,1036070,2014
806,1108524,1420850,2013
807,1507385,1057689,2013
808,1230245,1087934,2013
809,776901,1381639,2013
810,712534,1058438,2013
811,1349454,1298978,2013
812,70858,814585,2013
813,1071993,813779,2013
814,1260221,109471,2013
815,3197,65201,2013
816,97745,1073431,2014
817,1001082,101830,2013
818,912752,1034669,2013
819,1499912,1444363,2013
820,40545,60849,2013
821,813762,826083,2013
822,885590,1375247,2013
823,1048268,1295503,2013
824,1404912,916459,2013
825,1084961,1264707,2013
826,87565,35214,2013
827,764038,787075,2013
828,800240,12978,2013
829,1320760,1496623,2013
830,37808,928592,2013
831,1452857,914712,2013
832,1527166,1120193,2013
833,1316631,1270400,2013
834,777676,1130258,2013
835,935036,888953,2013
836,729986,1099305,2014
837,888228,1297067,2013
838,846901,1189396,2013
839,850693,1401923,2013
840,1166691,1141107,2013
841,1001082,1285551,2013
842,1131096,1096738,2013
843,723612,1131457,2013
844,921051,1293283,2013
845,356213,912145,2013
846,1174746,1368007,2013
847,107263,1483096,2012
848,1024126,1339455,2013
849,791770,1373980,2013
850,773840,1044590,2013
851,831259,891456,2013
852,818686,1228627,2012
853,1173489,1059786,2012
854,1137861,1138400,2013
855,1110803,1361103,2012
856,829224,1314592,2012
857,1043219,1467027,2013
858,96223,1084580,2013
859,79958,1011657,2013
860,1075531,1312928,2013
861,1001039,46080,2012
862,49071,1009379,2012
863,26324,854860,2012
864,78239,801351,2013
865,1357326,1108924,2012
866,1411494,1477032,2012
867,40545,921847,2012
868,927653,920527,2013
869,1122976,77597,2013
870,101830,1285551,2012
871,790359,796317,2013
872,101830,1283699,2012
873,66740,18937,2012
874,1206264,748015,2013
875,1002517,1080667,2012
876,313616,319240,2012
877,354869,351077,2013
878,1253317,1415022,2013
879,72971,1393612,2012
880,885590,859368,2012
881,6201,701345,2013
882,1363829,1267201,2013
883,36270,921847,2015
884,51143,1114714,2012
885,766704,1011064,2013
886,30419,1367396,2013
887,1122304,1054833,2013
888,1212545,1406251,2012
889,816956,1065754,2012
890,1166388,803014,2013
891,1488813,1350072,2013
892,1021860,84290,2013
893,764038,860519,2012
894,354950,844789,2012
895,732717,1374993,2013
896,1027884,914024,2013
897,320193,1138830,2012
898,1208208,1040570,2013
899,1012620,887637,2012
900,1013871,1126294,2012
901,1347613,1142380,2013
902,203596,769207,2012
903,1137789,1355128,2012
904,1156039,1064863,2012
905,826083,1088033,2012
906,14272,881464,2012
907,1017815,49930,2012
908,1105472,752431,2012
909,791915,849502,2012
910,1049521,820097,2012
911,1406587,277924,2012
912,920148,739944,2012
913,732712,1410240,2012
914,1108134,1401573,2012
915,1405049,1338248,2012
916,36146,783739,2013
917,1094285,943580,2012
918,29669,1080224,2012
919,1507277,1051871,2012
920,886158,798955,2012
921,1102112,1370291,2013
922,1040570,1208208,2012
923,1476264,1181001,2012
924,1498301,19353,2012
925,827054,93384,2012
926,1002638,894738,2012
927,776901,1076394,2012
928,859737,820237,2012
929,1282648,41023,2012
930,1363851,1090403,2012
931,1226308,1016470,2012
932,313616,790818,2012
933,831547,1097264,2012
934,1101169,1104252,2012
935,1506744,216324,2012
936,1389072,1024520,2012
937,1110647,1157780,2012
938,1401700,1294206,2012
939,1368365,1341470,2012
940,1094831,216039,2012
941,93859,1067294,2012
942,709804,14637,2012
943,777676,1134203,2012
944,1304421,943117,2012
945,915389,1043382,2012
946,1005817,775662,2012
947,1280058,1407450,2012
948,1262823,805264,2012
949,14272,1274913,2012
950,740260,1332896,2012
951,880460,802356,2012
952,824410,1098813,2012
953,885590,930553,2011
954,1067701,1389305,2012
955,707549,836106,2012
956,10456,780127,2012
957,916076,103973,2011
958,1166126,1091801,2011
959,883241,1065034,2012
960,813762,22444,2011
961,1349976,1373485,2011
962,775368,862510,2012
963,40533,1032863,2011
964,808450,775158,2011
965,829323,1094808,2012
966,1506307,1066107,2012
967,886835,1340041,2012
968,101829,42542,2012
969,1452857,846615,2011
970,1272550,1444177,2012
971,865941,883945,2011
972,31791,1014672,2011
973,1086909,1042291,2011
974,896159,1453820,2011
975,1067983,70858,2011
976,1411494,1011290,2011
977,353230,1388195,2011
978,1326807,1310313,2012
979,1288776,1495569,2012
980,826773,732412,2011
981,1282266,1372041,2011
982,320193,890491,2011
983,935036,1063254,2012
984,16058,313353,2011
985,885721,1170650,2012
986,792977,1097264,2011
987,31462,1298341,2011
988,813762,21076,2011
989,1393818,831967,2011
990,1021860,790730,2011
991,107263,203248,2011
992,1473061,1362705,2011
993,700863,740942,2012
994,61442,1437106,2011
995,934448,1275791,2011
996,732412,1086745,2011
997,37808,820907,2012
998,773840,32198,2011
999,944765,885317,2011
1000,51434,731939,2012
1001,4127,1104042,2012
1002,1141107,1019671,2011
1003,1069258,718130,2011
1004,4904,65984,2011
1005,1411494,793044,2011
1006,23217,1029506,2011
1007,929994,929994,2011
1008,818686,873364,2011
1009,1109357,1004440,2012
1010,1359111,1359111,2011
1011,714310,723458,2012
1012,764811,810689,2011
1013,18926,1058444,2011
1014,874761,787250,2011
1015,895126,1328650,2011
1016,849869,1478085,2011
1017,310568,1003640,2011
1018,30305,57139,2011
1019,1507277,832847,2011
1020,1436425,1303531,2011
1021,1081078,92769,2011
1022,316709,1299688,2011
1023,1265131,878520,2011
1024,829224,917968,2011
1025,1067983,60751,2011
1026,56047,1178575,2011
1027,47217,1085280,2011
1028,53669,917126,2011
1029,740260,780053,2011
1030,729580,96763,2011
1031,48039,110430,2011
1032,6314,1003640,2011
1033,1060009,812191,2011
1034,1319947,874444,2011
1035,313616,840467,2011
1036,1432150,1118941,2011
1037,1377013,1084750,2011
1038,1045609,899881,2011
1039,1378946,1410703,2011
1040,1323653,741556,2011
1041,93384,1069353,2011
1042,30371,1094093,2012
1043,1054303,804157,2011
1044,64803,709878,2011
1045,1335190,746834,2011
1046,1108134,1332199,2011
1047,1424454,916235,2011
1048,750577,106926,2011
1049,1047122,741696,2011
1050,1058623,1174527,2011
1051,927971,62741,2011
1052,713676,921768,2010
1053,813762,879215,2010
1054,93556,1315320,2011
1055,1013272,1401434,2011
1056,826083,1253955,2011
1057,97745,708850,2011
1058,1128361,1174820,2011
1059,1004155,72020,2011
1060,916863,72020,2010
1061,1352341,357020,2010
1062,1018963,814250,2011
1063,18230,740761,2011
1064,1124610,1373671,2010
1065,93410,1279228,2011
1066,1088033,735993,2011
1067,21175,1044566,2011
1068,51143,1262039,2010
1069,790051,849240,2010
1070,777676,1124610,2010
1071,1759546,8868,2010
1072,78003,1047699,2011
1073,14272,872912,2010
1074,789019,796343,2010
1075,1069258,1099918,2010
1076,84290,879884,2011
1077,310568,907687,2010
1078,1102541,1041954,2010
1079,1312073,1045769,2011
1080,313616,54991,2010
1081,92380,948846,2011
1082,1388195,1330487,2010
1083,1162556,1017673,2010
1084,1361579,1292470,2010
1085,1144945,1366292,2011
1086,831259,64279,2010
1087,7536,718074,2011
1088,857737,921691,2010
1089,1393612,893955,2010
1090,1406666,1108185,2011
1091,47217,1368582,2010
1092,1045309,749290,2010
1093,1069157,1375083,2010
1094,1061219,1324592,2010
1095,14272,1129425,2010
1096,1114714,1105360,2010
1097,814549,863650,2011
1098,66740,1289434,2010
1099,47217,1408501,2010
1100,1393818,895648,2010
1101,1035267,1178104,2010
1102,64670,874734,2010
1103,109177,1487730,2011
1104,354908,1334303,2010
1105,51143,1138804,2010
1106,1367644,1298521,2010
1107,37808,730030,2011
1108,70866,1096857,2010
1109,722572,722572,2010
1110,4447,1120916,2010
1111,1378946,1143848,2010
1112,1378946,747345,2010
1113,200406,1028318,2010
1114,816284,1141399,2010
1115,12927,26537,2010
1116,1085280,934868,2010
1117,1029506,849667,2010
1118,885590,930184,2010
1119,1385187,704328,2010
1120,805022,1359055,2010
1121,883241,1050776,2010
1122,1124804,1034088,2010
1123,18396,700841,2010
1124,916235,1342960,2010
1125,817366,1331931,2010
1126,1393818,96289,2010
1127,1096142,1129623,2010
1128,352915,829608,2010
1129,856982,919015,2010
1130,23197,1279176,2010
1131,9892,1097136,2010
1132,100517,319687,2010
1133,723612,1049108,2010
1134,64670,824068,2010
1135,47217,1100389,2010
1136,720672,1340354,2010
1137,1364479,1049108,2010
1138,18926,1037949,2011
1139,1403161,934280,2010
1140,906163,38570,2010
1141,800457,874482,2011
1142,923796,1016152,2010
1143,777676,1050180,2010
1144,45012,833845,2010
1145,1002388,1095330,2010
1146,1349436,1123871,2010
1147,8947,55805,2010
1148,310568,13606,2010
1149,8858,900708,2010
1150,764478,96289,2010
1151,1096325,1171529,2010
1152,1013857,1042134,2010
1153,1140215,1083522,2010
1154,1288776,1002517,2010
1155,884629,821995,2010
1156,1408198,1295172,2010
1157,29669,13610,2010
1158,1293413,1137046,2010
1159,944765,1028584,2010
1160,87347,721083,2010
1161,935419,1172852,2010
1162,1031296,3673,2011
1163,2969,804212,2010
1164,827054,855906,2010
1165,313143,1009463,2010
1166,820608,1174228,2010
1167,1287032,3906,2010
1168,1417398,20,2010
1169,820318,730716,2010
1170,813762,1344596,2010
1171,813762,33073,2010
1172,740942,744126,2010
1173,25445,706864,2010
1174,93859,1271245,2009
1175,818686,949858,2009
1176,1042134,1089907,2009
1177,1097864,800460,2010
1178,34088,868809,2010
1179,1276591,1239819,2009
1180,912263,1418255,2010
1181,887247,920465,2009
1182,87565,353567,2010
1183,909954,947661,2010
1184,1378946,854711,2010
1185,6951,934550,2009
1186,47217,738076,2010
1187,20212,814055,2010
1188,1097718,1136711,2009
1189,802681,856751,2010
1190,93556,12355,2010
1191,917968,947661,2009
1192,945764,1125057,2010
1193,317788,1283843,2009
1194,886163,1053221,2010
1195,1101239,1371011,2010
1196,101830,1108727,2009
1197,1288776,1086222,2009
1198,1358356,1073475,2009
1199,318154,722104,2009
1200,908259,1036968,2009
1201,858877,1391672,2009
1202,55785,857728,2009
1203,32604,1109808,2009
1204,1010612,1013149,2010
1205,108772,2135,2010
1206,1105705,865570,2009
1207,826083,894253,2009
1208,796343,1357525,2009
1209,1140486,1120105,2009
1210,808362,864328,2010
1211,1001039,933730,2009
1212,886163,849043,2009
1213,313616,1097149,2009
1214,779152,1069469,2009
1215,1159154,1351548,2009
1216,93859,930686,2010
1217,794170,357294,2009
1218,1288776,1045280,2010
1219,1287032,1321560,2009
1220,1393718,716457,2009
1221,1385187,1398090,2009
1222,51143,869570,2009
1223,101830,1396546,2009
1224,1051741,702902,2010
1225,1090872,1079028,2010
1226,1800,1077183,2009
1227,733590,949961,2009
1228,14272,874255,2009
1229,913760,1297846,2009
1230,1023024,865231,2009
1231,1228454,854071,2010
1232,36047,1210677,2009
1233,717724,1085482,2009
1234,1041858,1001868,2009
1235,1326583,1009575,2009
1236,1410703,742275,2009
1237,944809,850261,2009
1238,1055355,719722,2009
1239,50863,833829,2009
1240,941548,1057693,2009
1241,1124610,1391984,2009
1242,944765,1268904,2009
1243,744218,1030653,2009
1244,1004702,1172353,2009
1245,1124610,912890,2009
1246,200406,1335102,2009
1247,1002047,1391984,2009
1248,1120295,1063085,2009
1249,1282266,1011737,2009
1250,1288776,71691,2009
1251,701811,1041418,2009
1252,920321,69680,2009
1253,1002638,1042185,2009
1254,822418,1268904,2009
1255,1061219,857644,2009
1256,1279228,1368802,2009
1257,1105705,1022080,2009
1258,1054374,350917,2009
1259,19745,37643,2009
1260,77476,1076405,2010
1261,77476,1084230,2010
1262,777676,709519,2010
1263,880562,947427,2009
1264,1043219,1409493,2009
1265,1335795,1023844,2009
1266,822416,18532,2009
1267,1047170,1373525,2009
1268,1113784,1300128,2009
1269,1316625,802301,2009
1270,29834,1288382,2009
1271,713425,1043915,2009
1272,1344596,923120,2009
1273,882095,921506,2009
1274,200406,310158,2009
1275,64978,310158,2009
1276,1126975,1246263,2009
1277,875045,1008848,2009
1278,1028584,1121439,2009
1279,753568,1065246,2009
1280,350907,1389072,2009
1281,944868,908937,2009
1282,40730,1072342,2009
1283,1335258,1006637,2010
1284,353020,907072,2009
1285,1110647,1056794,2009
1286,732485,1124140,2009
1287,320187,805305,2009
1288,78003,5187,2009
1289,1324404,722079,2010
1290,1800,1168335,2009
1291,1113481,1428522,2009
1292,1076481,1124140,2009
1293,1048477,920465,2009
1294,887919,356809,2009
1295,1226616,932903,2009
1296,36270,818969,2009
1297,1326807,1330039,2009
1298,1054303,1466538,2008
1299,1313918,927829,2009
1300,813762,1419581,2008
1301,895421,895648,2008
1302,1050776,1041418,2008
1303,200406,64892,2009
1304,353944,912241,2008
1305,1069258,1057257,2008
1306,200406,1349426,2008
1307,864839,319458,2008
1308,1001279,1335294,2008
1309,59478,1082554,2008
1310,1087216,1017440,2009
1311,1085706,834285,2008
1312,776901,1302176,2009
1313,732717,879573,2009
1314,716646,1162192,2009
1315,18926,1350031,2009
1316,713676,69970,2008
1317,1109357,1013871,2008
1318,726514,730716,2008
1319,26172,52617,2008
1320,1099219,874766,2008
1321,59478,765258,2008
1322,828750,1051114,2008
1323,1143155,1156953,2008
1324,886163,1273013,2008
1325,1067983,886982,2008
1326,814549,768892,2008
1327,890801,1001916,2008
1328,70858,1060021,2008
1329,764478,1122787,2008
1330,70858,65100,2009
1331,104207,764762,2008
1332,1113169,1077428,2008
1333,1002638,931784,2008
1334,97210,1290096,2008
1335,1047699,730469,2008
1336,103730,316793,2008
1337,1065837,1373980,2008
1338,1057352,1038222,2008
1339,769520,916545,2009
1340,1006892,1009304,2008
1341,1085621,1085621,2008
1342,4962,1066026,2008
1343,896985,896985,2008
1344,1032208,1051286,2008
1345,1009626,1090071,2008
1346,818686,10081,2008
1347,1097864,899636,2008
1348,1062047,764244,2008
1349,946840,1144062,2008
1350,823768,1060391,2008
1351,1305014,46989,2008
1352,1076930,873603,2008
1353,318306,743884,2009
1354,29915,84792,2009
1355,944739,1107194,2008
1356,59478,1125603,2008
1357,89089,878522,2008
1358,1060391,848865,2008
1359,819913,1297568,2008
1360,357020,893162,2008
1361,1393818,882289,2008
1362,1085280,895095,2008
1363,1347218,1092914,2008
1364,1318568,861050,2008
1365,278130,798955,2008
1366,799698,1337223,2008
1367,859737,1120438,2008
1368,1140536,814898,2008
1369,1288776,1108524,2008
1370,721083,1051034,2008
1371,1280058,1117119,2008
1372,14272,1110206,2008
1373,890491,940510,2008
1374,1013871,916457,2008
1375,702902,1070543,2008
1376,913293,1337675,2008
1377,1094739,1219169,2008
1378,817473,817473,2008
1379,813828,1015577,2008
1380,47217,1007456,2008
1381,23197,718573,2008
1382,934448,919794,2008
1383,1068912,16614,2008
1384,769397,1103234,2008
1385,904080,1304069,2008
1386,1142701,1283157,2008
1387,793733,1144331,2008
1388,30697,105668,2008
1389,64670,1350620,2008
1390,320186,1109189,2008
1391,1084580,96223,2008
1392,1095600,1011344,2008
1393,929008,1042351,2008
1394,885725,1125294,2008
1395,27904,1058033,2008
1396,203077,1012394,2008
1397,831967,849448,2008
1398,1288776,1324424,2008
1399,1013462,849433,2008
1400,818686,821616,2008
1401,49826,796577,2008
1402,1018332,1089443,2008
1403,883241,1027362,2008
1404,714310,773845,2008
1405,835729,1175685,2008
1406,19617,777001,2008
1407,1124610,352789,2008
1408,913885,105006,2008
1409,945699,319450,2008
1410,101829,28823,2008
1411,1073349,1096689,2008
1412,729580,1042825,2008
1413,1069258,96057,2008
1414,78003,887023,2008
1415,949156,1273397,2008
1416,104889,1066134,2008
1417,78003,902622,2008
1418,1403256,795665,2008
1419,74260,877355,2008
1420,898173,1051848,2008
1421,1070412,1335793,2008
1422,1145460,1007228,2008
1423,1156375,1105018,2008
1424,3982,1328650,2008
1425,51143,2488,2008
1426,101984,319450,2008
1427,1129623,787030,2008
1428,97216,926763,2008
1429,1379041,1009667,2008
1430,1308161,1020416,2008
1431,1094810,916396,2008
1432,1124610,1016831,2008
1433,51143,935036,2007
1434,1021860,1097313,2008
1435,1160497,836102,2008
1436,1323648,1109848,2008
1437,1097864,1161963,2008
1438,1029199,1273931,2007
1439,930686,860518,2008
1440,97210,1167896,2008
1441,815094,1024520,2007
1442,912093,1052489,2008
1443,1027443,923282,2008
1444,5133,791050,2008
1445,918946,927355,2007
1446,1353970,276889,2008
1447,1310067,863821,2007
1448,816284,1203866,2008
1449,78003,1319197,2007
1450,1067983,1170010,2007
1451,1100441,816949,2008
1452,55067,859735,2007
1453,74260,876437,2007
1454,1023844,890285,2008
1455,1009575,1326583,2007
1456,64978,1260990,2007
1457,75234,1370946,2007
1458,23082,1049758,2008
1459,1070985,1056794,2007
1460,1357525,837991,2008
1461,313616,96879,2007
1462,777676,1031798,2008
1463,217346,101271,2007
1464,31791,1114529,2007
1465,1022899,1000297,2008
1466,716457,1058690,2007
1467,1141107,350621,2007
1468,1372041,919943,2008
1469,1058033,948845,2007
1470,1073146,73773,2007
1471,49071,1299210,2007
1472,700733,1236964,2008
1473,1323648,1140249,2008
1474,746782,932112,2007
1475,1166036,1019756,2008
1476,1145460,884847,2007
1477,1170650,878748,2007
1478,70858,25191,2007
1479,1173431,1015780,2007
1480,700841,23111,2007
1481,35527,717306,2008
1482,940944,883976,2007
1483,97854,57497,2007
1484,911160,1103777,2007
1485,924642,771252,2008
1486,929887,1087277,2007
1487,31462,929299,2007
1488,1145460,1127393,2007
1489,798354,949341,2007
1490,64670,1123313,2007
1491,91576,707805,2008
1492,1067983,1103982,2007
1493,96943,886046,2007
1494,47217,894743,2007
1495,47217,1100813,2007
1496,1318310,1217688,2007
1497,203596,949953,2007
1498,713676,811671,2008
1499,1065696,1012393,2007
1500,891456,230463,2007
1501,49754,853665,2007
1502,1096752,842699,2007
1503,105016,711307,2007
1504,1393818,47580,2007
1505,936528,1098337,2008
1506,1304421,764765,2007
1507,104207,884064,2007
1508,732717,1035985,2007
1509,879437,801338,2007
1510,106040,813347,2007
1511,906111,200138,2008
1512,1136893,1109190,2007
1513,1095291,854460,2007
1514,1041858,1003111,2007
1515,859163,766430,2007
1516,934280,1017172,2007
1517,886137,18498,2007
1518,1364100,1051431,2007
1519,1105705,832428,2007
1520,713676,787849,2007
1521,1145460,887227,2007
1522,732485,1028205,2007
1523,1282266,23259,2007
1524,102379,906469,2007
1525,1168335,10427,2007
1526,1060232,94887,2007
1527,783739,762128,2007
1528,74303,830141,2007
1529,859737,849778,2007
1530,789019,1071806,2007
1531,1241199,1170605,2007
1532,777676,1088653,2007
1533,32604,1111721,2007
1534,910073,1263766,2007
1535,721371,1123361,2007
1536,1380393,740796,2007
1537,753568,1007800,2007
1538,1324592,857644,2007
1539,72971,775473,2007
1540,789019,1011006,2007
1541,700863,714710,2007
1542,1308161,29924,2007
1543,69970,854662,2007
1544,1114483,833140,2007
1545,931784,908605,2007
1546,23082,1028461,2007
1547,895655,6720,2007
1548,1022225,1122668,2007
1549,68505,1052303,2007
1550,850209,18498,2007
1551,934448,1014733,2007
1552,101830,1272830,2007
1553,811808,1082735,2007
1554,819689,1300128,2007
1555,891106,353191,2007
1556,1090872,1108674,2007
1557,1067983,934612,2007
1558,1145460,834306,2007
1559,1102414,884380,2007
1560,108772,1050167,2007
1561,1163302,791348,2007
1562,67625,67618,2007
1563,840467,834306,2007
1564,96763,729580,2007
1565,8818,75681,2007
1566,203077,913443,2007
1567,1330849,1210697,2007
1568,1108109,1074771,2007
1569,1050915,1276827,2007
1570,858877,1109935,2007
1571,78814,916238,2007
1572,731766,754009,2008
1573,777676,1001113,2007
1574,43300,95585,2007
1575,714530,742679,2007
1576,1047202,1083712,2007
1577,865436,909990,2007
1578,936402,1288379,2007
1579,1374535,1000227,2007
1580,103973,37651,2007
1581,315189,745394,2007
1582,908937,1091530,2008
1583,33185,917524,2007
1584,949341,1041403,2007
1585,849778,902482,2007
1586,1166388,1097338,2007
1587,1143068,66960,2008
1588,927066,1333170,2007
1589,1010552,894268,2007
1590,876437,890926,2007
1591,715072,1136303,2007
1592,1057234,909413,2007
1593,93751,949589,2007
1594,813762,842162,2007
1595,4164,4164,2007
1596,849399,1139650,2007
1597,1308161,1076700,2007
1598,777676,928753,2007
1599,729986,854399,2007
1600,814549,1033864,2007
1601,1105018,1303433,2007
1602,891293,812796,2007
1603,894738,1081661,2007
1604,200138,913072,2007
1605,1136174,22872,2007
1606,1077771,1102595,2007
1607,908652,1137047,2007
1608,67887,827056,2007
1609,72971,1279410,2007
1610,31235,108772,2007
1611,38079,1015293,2007
1612,1168335,1163848,2007
1613,1053676,1016613,2007
1614,949341,1057709,2007
1615,920321,745274,2007
1616,1047335,1047334,2007
1617,68505,878436,2007
1618,945235,45599,2007
1619,829608,935007,2007
1620,916230,1200022,2007
1621,49196,855876,2007
1622,885721,893670,2006
1623,896878,721773,2006
1624,948846,948845,2006
1625,921738,858339,2006
1626,854222,1305409,2007
1627,864749,1109537,2007
1628,806085,1289308,2006
1629,703360,1129446,2007
1630,1282858,1038280,2006
1631,813762,930548,2006
1632,70858,40730,2006
1633,896878,1037275,2007
1634,808326,811271,2006
1635,1275187,1056421,2007
1636,89261,818074,2006
1637,1323639,1138812,2007
1638,51143,1166388,2006
1639,831259,78066,2007
1640,200406,1108271,2007
1641,701345,27904,2006
1642,1089063,1327098,2007
1643,68505,1012482,2007
1644,1110803,913275,2007
1645,318771,1099414,2007
1646,1133421,355199,2007
1647,927653,878556,2007
1648,1045810,1297633,2007
1649,1800,1018952,2006
1650,834208,1097503,2007
1651,910073,920945,2007
1652,777676,867347,2006
1653,776867,776867,2006
1654,64978,892112,2006
1655,1138118,1022438,2006
1656,777676,916704,2006
1657,794323,1060490,2007
1658,863436,924829,2007
1659,59478,874294,2007
1660,775158,216275,2006
1661,1056386,789851,2007
1662,747435,1092083,2006
1663,713676,64908,2007
1664,1051470,1051470,2007
1665,50863,1045810,2006
1666,890801,1164552,2006
1667,882095,1101052,2006
1668,886835,839871,2006
1669,1294649,1160084,2006
1670,37996,40730,2006
1671,91388,1143967,2007
1672,1061580,820067,2006
1673,68505,278352,2007
1674,20520,310433,2007
1675,310158,14272,2006
1676,879933,745026,2006
1677,49826,1107050,2006
1678,202058,812703,2007
1679,1073431,864890,2006
1680,924646,1069562,2006
1681,23194,1304069,2006
1682,1339048,856465,2007
1683,890640,1114084,2006
1684,51143,1053148,2006
1685,802481,1292215,2007
1686,1110783,902277,2007
1687,1271193,1000230,2006
1688,1103777,875359,2006
1689,10795,1041426,2006
1690,51143,706015,2006
1691,828747,872855,2007
1692,895421,1279493,2006
1693,1035884,317093,2006
1694,1009626,731502,2007
1695,933036,893046,2006
1696,879437,911673,2006
1697,51143,920354,2006
1698,1040971,930548,2007
1699,752789,872544,2006
1700,1311926,760436,2006
1701,69970,1028336,2007
1702,933141,1051859,2007
1703,47217,867058,2006
1704,789933,217084,2006
1705,1068851,1169238,2007
1706,701719,1091539,2007
1707,69970,1029407,2006
1708,879101,1040454,2006
1709,67716,18072,2007
1710,790526,1031329,2006
1711,883293,801622,2007
1712,39263,353203,2006
1713,1019650,891523,2006
1714,67472,108215,2006
1715,1124610,932064,2006
1716,1304366,1295334,2006
1717,49826,949859,2006
1718,1038223,904350,2006
1719,1070423,1168397,2006
1720,832988,815065,2006
1721,1070698,1070698,2006
1722,891106,1035513,2006
1723,1114200,851737,2006
1724,36104,1035770,2006
1725,61478,317093,2006
1726,1010775,1013871,2006
1727,1174735,1282552,2006
1728,1281761,3133,2006
1729,750199,904080,2006
1730,887150,923149,2006
1731,1102112,1089503,2006
1732,1332349,787784,2006
1733,97745,880430,2006
1734,6951,1040660,2006
1735,709283,770403,2006
1736,1139812,717837,2006
1737,12927,701650,2006
1738,1065298,752195,2006
1739,712537,892158,2006
1740,801337,807524,2006
1741,66479,767673,2006
1742,796317,1182555,2006
1743,1006892,908440,2006
1744,933136,1184818,2006
1745,1065088,789019,2006
1746,1059324,832820,2006
1747,101830,1108487,2006
1748,844161,1005181,2006
1749,1067983,85812,2006
1750,1304994,755933,2007
1751,777676,1080306,2006
1752,313616,1121302,2006
1753,89089,927914,2006
1754,877355,1017158,2006
1755,895421,755199,2006
1756,880430,1030339,2006
1757,1102541,1043769,2006
1758,884629,1123337,2006
1759,1056087,205520,2006
1760,927628,352510,2006
1761,723125,1058289,2006
1762,732717,732713,2006
1763,845752,94328,2006
1764,319201,884498,2006
1765,924901,893577,2006
1766,1039684,909281,2006
1767,1279410,1275873,2006
1768,1014672,1116449,2006
1769,921847,1064236,2006
1770,853273,894572,2006
1771,1077771,1072688,2006
1772,912263,910721,2006
1773,1024657,1046832,2006
1774,32604,23071,2006
1775,1024657,924505,2006
1776,866829,874992,2006
1777,861884,54003,2006
1778,1018332,735780,2006
1779,354950,49029,2006
1780,47217,23082,2006
1781,51143,1036425,2006
1782,1137789,711039,2006
1783,89270,723639,2006
1784,200406,1033660,2006
1785,1102112,718903,2006
1786,40533,1163842,2006
1787,1053374,1059155,2006
1788,72911,949491,2005
1789,945489,728303,2005
1790,1082114,1263756,2006
1791,101830,1120102,2006
1792,64892,859368,2005
1793,352363,910721,2005
1794,858877,87777,2006
1795,1017156,1019376,2005
1796,1068851,1293314,2006
1797,850693,109831,2006
1798,944763,64578,2006
1799,1095315,1287503,2006
1800,62741,1015610,2006
1801,1062530,1025134,2005
1802,709355,709355,2006
1803,21665,1018710,2005
1804,310568,1114973,2006
1805,811830,945734,2006
1806,101830,1085707,2006
1807,1124610,909276,2005
1808,1022671,84278,2006
1809,203077,351721,2005
1810,878526,714980,2006
1811,797468,809428,2006
1812,770403,889930,2005
1813,59558,53347,2006
1814,37008,1175167,2005
1815,1070380,1096658,2006
1816,849399,1061646,2006
1817,30419,1284529,2006
1818,1115055,1049535,2006
1819,59440,106374,2005
1820,1156039,1184702,2005
1821,28630,772891,2006
1822,895126,1170154,2005
1823,716646,1057217,2005
1824,47217,1031107,2005
1825,777676,1006835,2006
1826,1208261,1013351,2006
1827,877931,230131,2005
1828,53669,842662,2005
1829,1031798,1035656,2005
1830,1019695,1115285,2005
1831,1001916,927133,2006
1832,906709,1039160,2005
1833,1022079,830158,2005
1834,1042810,761648,2005
1835,763901,1082337,2005
1836,1205431,1089613,2005
1837,910073,1070517,2005
1838,1173420,314203,2005
1839,768262,1051490,2005
1840,1073431,860451,2005
1841,700564,834105,2006
1842,818686,772197,2006
1843,1022079,926617,2005
1844,885721,1037975,2005
1845,702131,918066,2005
1846,1308161,1088244,2005
1847,106640,63541,2006
1848,1304994,703559,2006
1849,927653,888914,2005
1850,933974,46709,2005
1851,101830,1024149,2005
1852,1101680,76174,2005
1853,109380,1027258,2005
1854,854662,1047947,2006
1855,70858,870517,2006
1856,813762,852952,2005
1857,1071992,1074078,2006
1858,709519,1106842,2005
1859,1009356,929547,2005
1860,716646,1110009,2005
1861,78003,1052547,2005
1862,703361,874689,2005
1863,356028,1076641,2005
1864,899881,865937,2005
1865,933136,1035713,2005
1866,709519,94673,2005
1867,1056239,32258,2005
1868,1274057,1010397,2005
1869,94887,49401,2005
1870,1065088,1108482,2005
1871,37996,1111335,2005
1872,1029863,701345,2005
1873,1090727,1061859,2005
1874,1015780,1173431,2005
1875,66740,1019779,2005
1876,1060822,75042,2005
1877,709519,851560,2005
1878,30371,899652,2006
1879,1002517,1102556,2005
1880,791915,817516,2005
1881,732485,1009405,2005
1882,1053507,1072048,2005
1883,38777,106535,2005
1884,1067983,310569,2005
1885,936402,885259,2005
1886,796343,913949,2005
1887,23019,6292,2005
1888,767405,720912,2005
1889,82788,311046,2005
1890,356028,915290,2005
1891,12208,860451,2005
1892,1059324,319459,2005
1893,96289,1075656,2005
1894,93410,716039,2005
1895,1102414,1269127,2005
1896,1041403,1021810,2005
1897,733269,1095105,2005
1898,753308,821113,2005
1899,1096481,1122425,2005
1900,934868,1008946,2005
1901,891103,1054298,2005
1902,859368,109831,2005
1903,1101302,1133082,2005
1904,896841,774695,2005
1905,7789,745614,2005
1906,935703,935703,2005
1907,859598,922341,2005
1908,201653,8643,2005
1909,51143,799089,2005
1910,1091862,43362,2005
1911,916459,97886,2005
1912,777676,1094360,2005
1913,927628,47288,2005
1914,200406,1016006,2005
1915,1105519,920317,2005
1916,1127703,1075343,2005
1917,876188,1166409,2005
1918,716006,881791,2005
1919,1170650,1068887,2005
1920,1106942,896429,2005
1921,879101,37008,2005
1922,732712,723527,2006
1923,878436,1031951,2005
1924,1037949,723527,2005
1925,319201,1063527,2005
1926,732717,5907,2005
1927,58361,1068848,2005
1928,80424,41499,2005
1929,1094392,1063527,2006
1930,1168054,854271,2005
1931,1030484,1264388,2005
1932,51143,1111001,2005
1933,813762,912926,2005
1934,78003,1034842,2005
1935,731502,701319,2005
1936,92339,912738,2005
1937,751364,70453,2005
1938,1308161,1068002,2005
1939,65873,930738,2005
1940,1171825,1103313,2005
1941,799694,1020475,2005
1942,726854,1001627,2005
1943,749251,1000015,2005
1944,849547,72418,2005
1945,1109357,788784,2004
1946,2135,1020999,2005
1947,1108134,1072886,2005
1948,72207,1006264,2005
1949,900349,1044324,2005
1950,849399,1084408,2005
1951,101830,824169,2005
1952,738076,1097297,2005
1953,1236964,1050996,2005
1954,1090908,1104017,2004
1955,883241,1157624,2005
1956,711665,856072,2005
1957,1166380,906473,2005
1958,925178,905895,2005
1959,1229206,319256,2005
1960,26058,26987,2005
1961,29924,1068969,2005
1962,874016,1087414,2004
1963,921738,895385,2005
1964,1110805,853890,2005
1965,1110805,1137154,2005
1966,789944,352998,2004
1967,797871,917331,2005
1968,64978,1080709,2004
1969,16918,1012128,2004
1970,1263813,910110,2005
1971,1054833,812910,2005
1972,857351,1092807,2004
1973,814055,913275,2004
1974,356028,840824,2004
1975,103730,719582,2005
1976,723612,1173495,2004
1977,876167,1084400,2004
1978,72162,1049606,2004
1979,203077,940659,2005
1980,927628,1006614,2005
1981,814547,1086757,2004
1982,1090425,906282,2005
1983,858877,1071342,2004
1984,1279410,729502,2004
1985,1030339,910057,2004
1986,943580,1120155,2004
1987,702131,919722,2004
1988,311094,840007,2005
1989,203596,857907,2005
1990,351721,864683,2004
1991,895648,85388,2004
1992,1067983,278130,2004
1993,1074772,1044942,2005
1994,872835,1158026,2005
1995,1086195,1067797,2004
1996,1014739,883813,2005
1997,722079,66895,2004
1998,877645,883741,2004
1999,946647,1071010,2005
2000,711404,882484,2005
2001,69499,1047699,2004
2002,713676,350847,2005
2003,858339,1070794,2005
2004,1100885,1024787,2004
2005,1004155,1105192,2004
2006,354567,355356,2004
2007,70858,1016277,2004
2008,927133,1001916,2004
2009,1100954,1001279,2004
2010,1049782,1044880,2005
2011,1105705,1026816,2004
2012,1056239,28630,2004
2013,1100682,1169358,2004
2014,813828,945688,2004
2015,96879,1065351,2004
2016,91576,1088514,2004
2017,1096481,913756,2004
2018,883241,1121980,2004
2019,799166,948515,2005
2020,1063761,911215,2004
2021,1089063,1137067,2004
2022,817473,1323630,2004
2023,1006892,906551,2004
2024,1168478,1108341,2004
2025,827809,809875,2004
2026,1018871,895810,2004
2027,1034239,55698,2004
2028,854662,1132515,2004
2029,789570,725549,2005
2030,1094961,1067588,2004
2031,353230,874265,2005
2032,38079,107874,2004
2033,317771,898805,2004
2034,721371,817161,2004
2035,1058027,1008946,2004
2036,62709,1020476,2004
2037,27996,205700,2004
2038,1056421,1052958,2004
2039,883979,920521,2004
2040,1038357,353943,2004
2041,48287,48287,2004
2042,774937,1024047,2004
2043,835729,1078295,2004
2044,879437,1079880,2004
2045,7789,851207,2004
2046,731766,865084,2004
2047,803649,865439,2004
2048,1157806,14803,2004
2049,78814,23055,2004
2050,1094285,773730,2004
2051,1184702,865084,2004
2052,1141185,889005,2004
2053,1051741,1057007,2005
2054,203596,920769,2004
2055,915390,906525,2004
2056,842635,1018099,2004
2057,1068875,1085223,2004
2058,1062047,1100514,2004
2059,921878,921878,2004
2060,847555,1078717,2004
2061,763901,912465,2004
2062,861842,1001171,2004
2063,880430,824803,2004
2064,797871,1058802,2004
2065,1096325,319191,2004
2066,31462,708484,2004
2067,811830,1034650,2005
2068,91419,51410,2004
2069,351346,854093,2004
2070,1060490,1059130,2004
2071,109380,1079996,2004
2072,732485,1001915,2004
2073,874016,918578,2004
2074,716646,74691,2004
2075,883241,890394,2004
2076,1231868,849979,2004
2077,1017793,1089720,2004
2078,69970,316770,2004
2079,352510,911935,2004
2080,891456,861819,2004
2081,46129,921046,2004
2082,922358,1034379,2004
2083,1043604,1088454,2004
2084,910134,913142,2004
2085,820096,57725,2004
2086,933036,1058441,2004
2087,1255474,33325,2004
2088,1184818,46267,2004
2089,49196,746481,2006
2090,811830,1061692,2004
2091,1084755,949968,2004
2092,36032,100893,2004
2093,315709,1047125,2004
2094,797871,852618,2004
2095,1070698,109657,2004
2096,820626,793421,2004
2097,19617,1067092,2004
2098,1800,1073695,2004
2099,1139812,1042534,2004
2100,867347,1014920,2004
2101,855876,803112,2004
2102,732412,1363958,2004
2103,1073431,1036629,2004
2104,1178970,1051092,2004
2105,78003,1066745,2004
2106,832428,810029,2004
2107,700733,1104901,2004
2108,1061219,895040,2004
2109,712537,1005313,2004
2110,700863,1000235,2004
2111,789388,707606,2004
2112,1002910,49816,2004
2113,906337,942319,2004
2114,1100813,804121,2004
2115,47288,919805,2004
2116,930420,1009657,2004
2117,92230,1005501,2004
2118,945734,1042801,2004
2119,59478,1111312,2004
2120,740260,1043236,2004
2121,316709,1071620,2004
2122,1022608,1017958,2004
2123,86312,919482,2004
2124,858877,1078425,2004
2125,895810,819939,2004
2126,1068912,1199025,2004
2127,1094561,1023184,2003
2128,1054290,1092536,2003
2129,351012,806168,2004
2130,818969,914789,2004
2131,818686,807873,2004
2132,731766,805037,2004
2133,849399,925288,2004
2134,918581,1005268,2004
2135,732713,5907,2003
2136,6720,1046112,2003
2137,1022608,1134971,2004
2138,850313,819706,2004
2139,1061692,812146,2004
2140,878088,1161924,2003
2141,1052327,1043134,2004
2142,1124610,930885,2003
2143,350917,1087955,2003
2144,801337,1023640,2004
2145,810332,904020,2003
2146,865917,1028425,2004
2147,109177,918964,2003
2148,1011659,1123841,2004
2149,1110647,1090215,2004
2150,936468,32258,2003
2151,702325,885694,2003
2152,893965,1097892,2003
2153,867374,1095594,2003
2154,893670,1012956,2004
2155,355999,887403,2003
2156,711065,1094087,2003
2157,50341,790183,2004
2158,873364,833298,2004
2159,26076,31660,2003
2160,713676,831959,2003
2161,316206,790549,2004
2162,79958,93444,2003
2163,714655,921114,2003
2164,28630,1163461,2003
2165,1094561,1108782,2003
2166,37472,225261,2003
2167,1051741,1075046,2004
2168,712537,1003936,2003
2169,1042431,1093242,2003
2170,1013243,833298,2003
2171,1017526,1045597,2003
2172,874016,1037067,2003
2173,1040829,1057507,2003
2174,799089,1039276,2003
2175,732485,913610,2003
2176,31235,875738,2003
2177,1080359,1076914,2003
2178,890491,1069665,2003
2179,878079,32020,2003
2180,1001916,1077301,2003
2181,723527,1085098,2003
2182,106040,819480,2003
2183,1001113,1056294,2003
2184,1068969,1106917,2004
2185,845752,885080,2003
2186,806085,1068144,2003
2187,31235,1121786,2003
2188,873303,944809,2003
2189,891106,946924,2004
2190,12978,929428,2003
2191,1011006,1060439,2003
2192,1089504,1045956,2003
2193,1113256,26780,2003
2194,1124610,859360,2003
2195,1016177,65270,2003
2196,798949,911359,2004
2197,353944,353944,2003
2198,931336,1041255,2004
2199,910073,1020828,2003
2200,1102301,774055,2003
2201,1020476,1056673,2003
2202,875045,714655,2003
2203,935493,1014343,2003
2204,811830,808246,2004
2205,55080,1037067,2003
2206,880446,1114068,2003
2207,40533,1095901,2003
2208,777676,875570,2005
2209,895921,1091822,2003
2210,875570,798757,2003
2211,930184,1116613,2003
2212,1021010,1048740,2003
2213,772197,737717,2003
2214,854662,897941,2003
2215,318154,889057,2003
2216,806085,715957,2003
2217,96223,1195454,2003
2218,811240,842695,2003
2219,861842,351710,2003
2220,891103,1096479,2003
2221,1003022,824225,2003
2222,59255,1011657,2003
2223,1002517,1111345,2003
2224,797448,1093576,2003
2225,918581,1002132,2003
2226,880321,1116141,2003
2227,718573,715073,2003
2228,701347,316312,2004
2229,25445,901119,2003
2230,934473,887137,2003
2231,1005731,1061895,2003
2232,798354,1063167,2003
2233,829608,773136,2003
2234,701319,1114674,2003
2235,883980,740112,2004
2236,1082114,1020871,2003
2237,1067983,719547,2003
2238,889609,913958,2003
2239,110430,48039,2003
2240,895126,320575,2003
2241,1145202,1145202,2003
2242,96223,914139,2003
2243,1033030,1021226,2003
2244,1046568,352183,2003
2245,1024047,1113428,2003
2246,1040161,1161396,2003
2247,857323,873998,2003
2248,1042064,932697,2003
2249,1035267,906829,2003
2250,880804,1081661,2003
2251,1107332,882100,2003
2252,1035513,1041122,2003
2253,890465,727510,2003
2254,317093,3721,2003
2255,1022509,1114040,2003
2256,1067983,1023291,2003
2257,1067983,870213,2003
2258,1019695,1066284,2003
2259,200406,726512,2003
2260,900349,86346,2003
2261,891456,903267,2003
2262,867374,1108507,2003
2263,789388,1095157,2003
2264,92230,37032,2003
2265,700564,1044651,2003
2266,8670,1028751,2003
2267,816284,895051,2005
2268,1011006,1024302,2003
2269,1061692,1048767,2003
2270,854662,912219,2003
2271,1013238,85462,2003
2272,6720,921915,2003
2273,36047,1083087,2003
2274,732412,1086139,2002
2275,1115222,1036584,2003
2276,848551,872443,2003
2277,755933,1022809,2003
2278,1063761,890319,2002
2279,1093691,1094959,2003
2280,1084750,1065910,2002
2281,1051379,885694,2002
2282,101829,1009759,2002
2283,354260,1007021,2002
2284,855876,1003233,2003
2285,773845,1141807,2002
2286,1067092,19617,2002
2287,1047699,95676,2003
2288,1100202,1078099,2002
2289,861878,703598,2003
2290,853273,911577,2003
2291,1103777,917173,2003
2292,1096958,854152,2003
2293,1102112,1095315,2003
2294,935493,712511,2002
2295,1145460,932631,2003
2296,1052100,855711,2002
2297,1033030,1002137,2002
2298,836106,949301,2002
2299,1056239,876884,2002
2300,1057379,1057379,2002
2301,353230,1004990,2003
2302,1051379,1022807,2003
2303,78003,67686,2003
2304,6314,919583,2002
2305,945983,945983,2002
2306,68505,1093802,2002
2307,720154,351506,2003
2308,1017008,922503,2003
2309,889900,751288,2002
2310,791519,735571,2002
2311,940181,1094451,2002
2312,891103,1095357,2003
2313,891103,1098322,2002
2314,73309,779334,2002
2315,769874,925054,2002
2316,1065088,1053676,2002
2317,319256,799288,2002
2318,51143,1093434,2002
2319,1082114,1096958,2002
2320,78128,788885,2002
2321,712757,1167419,2002
2322,1056794,1022225,2002
2323,812703,1112263,2002
2324,849778,1011582,2002
2325,1102238,949961,2003
2326,72903,1013871,2002
2327,1009829,1044010,2002
2328,1099219,898174,2002
2329,1163302,70578,2002
2330,727510,906709,2002
2331,1088244,1176983,2002
2332,65100,1073349,2002
2333,915016,915016,2001
2334,920354,938481,2001
2335,946855,1095691,2001
2336,873591,885259,2002
2337,357301,1075046,2001
2338,1118148,915781,2001
2339,840256,1028918,2001
2340,912093,865415,2001
2341,1095480,1039446,2001
2342,1082114,1086472,2001
2343,1102238,733590,2001
2344,756502,1091530,2001
2345,1082114,1022222,2001
2346,1011657,72162,2001
2347,1016951,814929,2001
2348,59478,874015,2001
2349,1042064,1053307,2003
2350,65873,18926,2001
2351,895921,895921,2001
2352,1001082,944868,2001
2353,877212,1098834,2001
2354,46195,46195,2001
2355,1105705,1018724,2001
2356,1046327,1045280,2001
2357,1011657,55604,2001
2358,799166,1037646,2001
2359,889005,889005,2001
2360,913665,756502,2001
2361,1005731,1013240,2001
2362,1112985,1112985,2001
2363,945235,1022911,2001
2364,98246,875523,2001
2365,931336,27500,2001
2366,14846,1045450,2001
2367,5907,1005731,2001
2368,1800,1002637,2003
2369,788784,899652,2001
2370,1067983,12659,2001
2371,1089613,790526,2001
2372,1046861,84557,2002
2373,789019,1077926,2001
2374,79732,1029590,2002
2375,1021009,1040993,2001
2376,78814,779681,2001
2377,1053112,1009833,2001
2378,824169,915390,2001
2379,1034258,1000779,2001
2380,1029786,1394156,2001
2381,30828,804073,2001
2382,1092367,812491,2000
2383,65100,918577,2000
2384,5907,1094895,2000
2385,95953,718924,2000
2386,1045810,1010026,2001
2387,1043432,1059341,2000
2388,37996,1131806,2000
2389,789019,20232,2000
2390,865231,1030653,2000
2391,1067983,757011,2000
2392,924642,1037417,2000
2393,96223,883701,2000
2394,818479,788920,2000
2395,810332,835768,2000
2396,40545,773840,2000
2397,846901,1028954,2001
2398,945384,1040792,2000
2399,47580,911002,2000
2400,37996,47129,2001
2401,351298,720013,2000
2402,1093837,895516,2000
2403,83612,811669,2000
2404,723612,1040445,2001
2405,875159,38984,2000
2406,894253,1003989,2000
2407,930738,766561,2000
2408,65100,945384,2000
2409,813828,1091907,2000
2410,874761,728391,2001
2411,858877,1085776,2000
2412,878520,944725,2000
2413,725058,792977,2000
2414,47217,888358,2000
2415,879181,1047699,2000
2416,914712,1084573,2000
2417,50863,1021282,2000
2418,40730,83588,2000
2419,29646,730469,2000
2420,924642,893970,2000
2421,858877,1099234,2000
2422,1072342,1054070,2000
2423,790359,830257,2000
2424,1057746,1057746,2000
2425,1082114,884382,2000
2426,895812,1078099,2000
2427,1096219,1034088,2000
2428,1092458,1092458,2000
2429,888165,1068969,2000
2430,874766,1032204,2000
2431,29989,1026650,2000
2432,1011006,1065088,2000
2433,730263,21212,2000
2434,1026650,771252,2000
2435,51143,1084755,2000
2436,318380,906933,2000
2437,890640,853273,2000
2438,1093434,906525,2000
2439,789019,1043946,2000
2440,1066107,21267,2001
2441,881791,809246,2000
2442,310522,813640,2000
2443,1024732,943742,2000
2444,319459,72741,2000
2445,919722,873303,1999
2446,106618,11860,1999
2447,946581,1088244,1999
2448,1087423,895921,1999
2449,789019,764478,2000
2450,1082114,723612,1999
2451,1800,924515,1999
2452,1027443,933955,2000
2453,912752,870228,2000
2454,1082114,783005,1999
2455,64463,889423,1999
2456,1047862,72741,1999
2457,732712,39547,2000
2458,773660,942319,1999
2459,834105,1097882,2000
2460,46640,910406,1999
2461,70530,895642,1999
2462,201461,1000736,2000
2463,68505,1035884,2000
2464,1082114,1134061,1999
2465,17797,357261,2000
2466,3197,76954,1999
2467,790051,899751,1999
2468,29915,100790,2001
2469,1082114,61442,2000
2470,716133,1009532,1999
2471,47217,895380,1999
2472,911441,99249,1999
2473,764960,716644,1999
2474,1018724,823094,1999
2475,1111711,22099,1999
2476,1000234,1000298,1999
2477,1070778,1041454,1999
2478,880631,930797,1999
2479,1022608,1046817,1999
2480,69970,91576,1999
2481,919623,921506,1999
2482,845807,845807,1999
2483,1023131,799729,1999
2484,902274,74585,1999
2485,277135,920354,1999
2486,22099,23738,1999
2487,86115,1033864,1999
2488,864233,103884,1999
2489,75644,842295,1999
2490,40545,1002125,1999
2491,900075,880026,1999
2492,1020569,1046032,1999
2493,1060349,1060349,1999
2494,316300,870756,1999
2495,1032208,54502,1999
2496,1018724,922285,2000
2497,789019,1114937,1999
2498,1000753,1000753,1999
2499,100517,1029863,1999
2500,789019,888711,1999
2501,10795,943736,1998
2502,36104,1036075,1998
2503,874761,762129,1999
2504,787784,929994,1998
2505,771485,799235,1998
2506,895421,101778,1998
2507,310158,916304,1998
2508,76321,886835,1998
2509,779390,779390,1998
2510,21076,908179,1999
2511,916230,720195,1998
2512,50863,723125,1999
2513,879181,744962,1998
2514,351012,827055,1998
2515,1048566,1000298,1998
2516,931336,931336,1998
2517,34115,924140,1998
2518,811830,869004,1999
2519,1012967,1059341,1998
2520,37808,1053369,1999
2521,877860,887905,1998
2522,745308,745308,1998
2523,1800,882365,1998
2524,50863,276283,1998
2525,3906,721237,1998
2526,912262,929470,1998
2527,1000298,1000298,1998
2528,200406,318154,1998
2529,918765,818074,1998
2530,830736,830736,1998
2531,72971,72971,1998
2532,317771,936395,1998
2533,67686,902277,1998
2534,1047862,74778,1999
2535,727742,94610,1998
2536,354260,786998,1998
2537,944868,1037388,1998
2538,9626,64782,1998
2539,916530,906408,1998
2540,4962,5272,1998
2541,203527,837913,1998
2542,856465,48039,1998
2543,845752,912607,1998
2544,840387,1006614,1998
2545,1050825,917126,2000
2546,789019,105096,1998
2547,31986,895040,1998
2548,109380,923808,1998
2549,317771,317771,1998
2550,946090,890066,1998
2551,918958,898660,1998
2552,913610,807873,1998
2553,40545,14280,1998
2554,1051512,821130,1999
2555,103730,90283,1998
2556,745448,842633,1998
2557,90045,796577,1997
2558,1011290,1011290,1997
2559,814920,867028,1997
2560,1001604,949322,1997
2561,793044,930245,1997
2562,706539,907654,1997
2563,853971,215403,1997
2564,772320,772320,1997
2565,1006269,1029850,1998
2566,1000736,877476,1997
2567,847831,876043,1997
2568,813920,813920,1998
2569,879101,12779,1997
2570,77551,66479,1998
2571,716644,764960,1997
2572,789019,320193,1997
2573,919943,854152,1997
2574,1002125,924168,1997
2575,54507,916230,1997
2576,31978,203248,1997
2577,936468,1133421,1997
2578,732485,815094,1997
2579,96223,3642,1997
2580,884217,885546,1998
2581,1067983,920148,1997
2582,789019,22301,1997
2583,5907,732717,1997
2584,3370,3370,1997
2585,314661,313749,1997
2586,50863,896841,1997
2587,215419,318259,1997
2588,356841,890447,1997
2589,1001039,1002114,1997
2590,895421,895421,1997
2591,919628,879554,1997
2592,856200,856200,1997
2593,355766,813920,1997
2594,906107,847322,1997
2595,80661,225648,1997
2596,1001171,1001171,1997
2597,9626,93751,1997
2598,910267,946486,1996
2599,918946,913590,1996
2600,80424,872589,1997
2601,18532,278166,1997
2602,851697,320573,1996
2603,723527,880804,1996
2604,946673,946673,1998
2605,311094,311094,1997
2606,4962,896878,1996
2607,49196,732712,1997
2608,764180,77476,1996
2609,277948,277948,1996
2610,32621,872855,1996
2611,74208,74208,1996
2612,732717,944400,1996
2613,315852,839950,1996
2614,86115,317340,1996
2615,764960,878314,1996
2616,791519,800240,1996
2617,912593,912393,1996
2618,895417,912393,1996
2619,319256,896842,1996
2620,808918,1015577,1996
2621,917079,917079,1996
2622,103730,887730,1996
2623,948545,34497,1996
2624,7084,52827,1996
2625,918958,893741,1996
2626,1166126,27419,1996
2627,1023291,33015,1997
2628,54507,54476,1996
2629,777001,878560,1996
2630,46989,42872,1996
2631,841555,917225,1996
2632,217084,878280,1996
2633,752789,752789,1996
2634,916802,791450,1996
2635,63276,46080,1996
2636,310158,1002388,1996
2637,50863,832767,1995
2638,351569,92339,1996
2639,832767,50863,1995
2640,318380,866368,1995
2641,805914,805914,1996
2642,805020,721675,1995
2643,749038,927133,1995
2644,21344,911360,1995
2645,20286,911631,1995
2646,879181,873591,1995
2647,923877,810029,1995
2648,9466,79732,1995
2649,1800,886163,1995
2650,875159,947484,1995
2651,912844,915778,1996
2652,318771,875045,1995
2653,706539,874443,1995
2654,739708,922503,1995
2655,20520,889949,1995
2656,96223,913586,1995
2657,758004,853273,1995
2658,783325,72903,1995
2659,106374,813920,1995
2660,924174,882235,1995
2661,722079,879575,1995
2662,840467,877357,1995
2663,927133,749038,1995
2664,732485,904973,1995
2665,825692,882830,1995
2666,883237,883237,1995
2667,921590,22551,1995
2668,7084,831327,1995
2669,69422,69422,1995
2670,59558,1130310,1995
2671,703598,892160,1994
2672,764241,1405049,1995
2673,51143,758004,1994
2674,353184,353184,1994
2675,20520,741508,1994
2676,5272,100331,1994
2677,794323,29915,1995
2678,776867,913357,1994
2679,702165,277948,1994
2680,104918,741508,1994
2681,78003,879169,1994
2682,789019,885073,1994
2683,7084,868512,1994
2684,357301,717538,1994
2685,880771,707511,1994
2686,9626,50341,1994
2687,86115,736291,1994
2688,17313,850460,1994
2689,1260037,778808,1994
2690,313749,715273,1994
2691,318771,883975,1994
2692,352947,756502,1994
2693,895421,724606,1994
2694,926295,926295,1994
2695,1415277,1097882,1994
2696,722056,722056,1994
2697,50863,884144,1995
2698,355948,758743,1993
2699,62741,29332,1994
2700,27500,26285,1993
2701,1067983,200245,1993
2702,912365,805012,1993
2703,24741,936468,1993
2704,16058,22252,1993
2705,28866,866722,1993
2706,859014,859014,1993
2707,773136,773136,1993
2708,7084,75208,1993
2709,79282,79282,1993
2710,714310,318300,1993
2711,730469,857171,1992
2712,68505,845434,1992
2713,2186,725876,1992
2714,217084,822665,1992
2715,1067983,40533,1992
2716,22301,824169,1993
2717,711404,759718,1992
2718,65984,44570,1993
2719,943861,882154,1992
2720,7084,802481,1992
2721,65100,13239,1992
2722,92521,31978,1992
2723,47217,868267,1992
2724,720005,720672,1992
2725,785161,799231,1992
2726,874663,849636,1992
2727,865846,904896,1992
2728,66740,821536,1992
2729,713275,713275,1992
2730,1040441,812191,1991
2731,772197,815838,1991
2732,354647,718903,1991
2733,785819,98752,1991
2734,1067983,104889,1991
2735,51434,79716,1991
2736,764622,100122,1991
2737,814453,93556,1991
2738,817946,799515,1991
2739,850429,805326,1991
2740,1067983,1026214,1990
2741,107263,311471,1990
2742,98222,350403,1990
2743,37996,26172,1990
2744,814453,57515,1990
2745,49826,352541,1990
2746,711404,6260,1990
