cik,component,size
944508,0,5530
819551,0,5530
794619,0,5530
18172,0,5530
86104,0,5530
33619,0,5530
1042431,0,5530
1078271,0,5530
825692,0,5530
813621,0,5530
107681,0,5530
1049316,0,5530
97452,0,5530
1262943,0,5530
40211,0,5530
752714,0,5530
357019,0,5530
935724,0,5530
1162315,0,5530
1055455,0,5530
1022509,0,5530
833829,0,5530
3202,0,5530
81100,0,5530
1085392,0,5530
766421,0,5530
310568,0,5530
1102741,0,5530
1102238,28,5
733590,28,5
1031296,0,5530
65350,0,5530
73960,0,5530
77227,0,5530
53456,0,5530
352049,0,5530
20947,0,5530
77278,0,5530
1038914,0,5530
4457,39,2
4458,39,2
914713,0,5530
1142028,0,5530
14195,0,5530
876437,0,5530
1169638,0,5530
1012967,0,5530
1169640,0,5530
1059341,0,5530
1142257,0,5530
1142258,0,5530
1129633,0,5530
26172,0,5530
1035656,53,5
1089443,53,5
1126956,0,5530
57183,0,5530
1310023,57,2
1301063,57,2
910521,0,5530
96793,0,5530
4611,0,5530
1021061,0,5530
20171,0,5530
1156039,0,5530
884731,0,5530
907654,0,5530
930835,0,5530
916085,0,5530
907410,0,5530
1141363,0,5530
1090425,0,5530
899045,0,5530
922360,0,5530
1012493,0,5530
922358,0,5530
922359,0,5530
1282552,0,5530
879957,0,5530
1267329,0,5530
1289093,0,5530
1282951,0,5530
1304842,0,5530
1307531,0,5530
1256334,0,5530
1304975,0,5530
1285904,0,5530
1282332,0,5530
1282207,0,5530
1228065,0,5530
1306021,0,5530
1215020,0,5530
1292460,0,5530
1285680,0,5530
1296183,0,5530
1290042,0,5530
1309248,0,5530
1278400,0,5530
1296332,0,5530
1292369,0,5530
1260762,0,5530
1241438,0,5530
1306082,0,5530
1300834,0,5530
1295724,0,5530
1223021,0,5530
1273536,0,5530
1271650,0,5530
1261925,0,5530
1268743,0,5530
1257639,0,5530
1271755,0,5530
1229869,0,5530
1257839,0,5530
1266556,0,5530
1057217,0,5530
874015,0,5530
874663,0,5530
1280544,0,5530
1296588,0,5530
1275438,0,5530
1297110,0,5530
1299482,0,5530
911216,0,5530
716054,0,5530
941713,0,5530
921082,0,5530
1069353,0,5530
1224370,0,5530
4127,0,5530
1168696,0,5530
706539,0,5530
48732,0,5530
1042773,0,5530
931948,0,5530
882104,0,5530
891504,0,5530
1079786,0,5530
813298,0,5530
835011,0,5530
831327,0,5530
894267,0,5530
355948,0,5530
1161728,143,3
61339,143,3
25657,145,2
101594,145,2
1065088,0,5530
896878,0,5530
1281931,0,5530
1311372,0,5530
1299349,0,5530
1301927,0,5530
1262016,0,5530
1310274,0,5530
1274823,0,5530
1307595,0,5530
1278547,0,5530
1278040,0,5530
1278296,0,5530
1307231,0,5530
1305192,0,5530
1265514,0,5530
1278062,0,5530
1287030,0,5530
1285497,0,5530
1285371,0,5530
1296254,0,5530
1035443,0,5530
751364,0,5530
318378,0,5530
1101215,0,5530
930810,0,5530
930548,0,5530
822746,0,5530
315131,0,5530
918112,0,5530
839087,0,5530
813461,0,5530
946343,0,5530
727892,180,2
1093644,180,2
1060009,0,5530
795212,0,5530
1257560,0,5530
1229700,0,5530
1265431,0,5530
1108426,187,2
81023,187,2
876188,0,5530
924717,0,5530
1158045,0,5530
1158046,0,5530
1158047,0,5530
1158048,0,5530
1158049,0,5530
1158050,0,5530
1158051,0,5530
1158052,0,5530
1158053,0,5530
1158054,0,5530
1158055,0,5530
1158056,0,5530
1158057,0,5530
1158058,0,5530
1158059,0,5530
1158060,0,5530
1158062,0,5530
1158063,0,5530
1158193,0,5530
1158066,0,5530
804212,0,5530
902272,0,5530
1280058,0,5530
1011064,0,5530
766561,0,5530
1054374,0,5530
1114200,0,5530
1123313,0,5530
1137861,0,5530
922864,0,5530
804138,0,5530
926660,0,5530
768892,0,5530
924940,0,5530
808450,0,5530
1140415,0,5530
817946,0,5530
34115,0,5530
945841,0,5530
935036,0,5530
857644,231,2
1045548,231,2
1062368,0,5530
1085475,0,5530
1085476,0,5530
1266604,0,5530
1266605,0,5530
1271833,0,5530
1271834,0,5530
1062363,0,5530
1062365,0,5530
1062367,0,5530
37637,0,5530
17797,0,5530
70858,0,5530
1094093,0,5530
357261,0,5530
23666,0,5530
903127,0,5530
812900,0,5530
1012271,0,5530
1047884,0,5530
787253,0,5530
30419,0,5530
1065310,0,5530
1043604,0,5530
1039065,0,5530
1013794,0,5530
1111853,0,5530
864233,0,5530
1115055,0,5530
1109448,262,2
825313,262,2
1113920,0,5530
1072048,0,5530
800082,0,5530
54502,0,5530
7332,0,5530
28917,0,5530
1163848,0,5530
874734,0,5530
1278543,0,5530
1292281,0,5530
773468,0,5530
867665,0,5530
1034755,0,5530
1265697,0,5530
1194886,0,5530
1161767,0,5530
1212297,0,5530
1268745,0,5530
1250927,0,5530
1256719,0,5530
1261648,0,5530
1229726,0,5530
1038280,0,5530
23019,0,5530
847466,0,5530
1085734,0,5530
1077241,0,5530
1178132,0,5530
1164246,0,5530
1143513,293,2
1234006,293,2
1040853,0,5530
1138812,0,5530
906709,0,5530
949256,0,5530
949258,0,5530
949260,0,5530
949262,0,5530
949149,0,5530
1087415,0,5530
1087416,0,5530
1087417,0,5530
1087418,0,5530
1087419,0,5530
1087420,0,5530
1087421,0,5530
1017939,0,5530
1017941,0,5530
949462,0,5530
1017943,0,5530
1017945,0,5530
1017946,0,5530
1017947,0,5530
1087460,0,5530
1097322,0,5530
1083269,0,5530
709519,0,5530
1173463,0,5530
885975,0,5530
1166365,323,3
1144326,323,3
1166399,323,3
1101052,0,5530
1053221,0,5530
836690,0,5530
1050031,0,5530
846930,330,2
30573,330,2
940510,0,5530
912262,0,5530
1035985,334,4
1067075,334,4
1140184,0,5530
29534,0,5530
1091312,0,5530
1088022,0,5530
924642,0,5530
771252,0,5530
906326,0,5530
1285681,0,5530
914536,0,5530
1097338,0,5530
719722,0,5530
864683,0,5530
787030,0,5530
1073431,0,5530
1043121,0,5530
1037540,0,5530
820313,0,5530
41133,0,5530
354908,0,5530
1124887,0,5530
812348,0,5530
91741,0,5530
1140761,0,5530
1138258,0,5530
1002637,0,5530
1061983,0,5530
1025378,0,5530
912046,0,5530
1041326,0,5530
1250873,0,5530
1138301,0,5530
1060224,0,5530
944314,0,5530
1016607,0,5530
888953,0,5530
827187,0,5530
1046311,0,5530
1158323,0,5530
1001039,0,5530
12927,0,5530
48465,0,5530
1281761,0,5530
1111632,0,5530
1304740,0,5530
1048982,0,5530
897729,0,5530
1052517,0,5530
1006918,0,5530
1052519,0,5530
1226932,0,5530
1226933,0,5530
943320,0,5530
1103601,0,5530
104819,0,5530
915866,0,5530
944163,0,5530
11544,0,5530
73822,0,5530
790705,0,5530
1120295,0,5530
1141270,396,2
1141271,396,2
1013706,0,5530
922285,0,5530
824142,0,5530
791348,0,5530
1136294,0,5530
1094058,0,5530
830134,0,5530
1001233,0,5530
1042825,0,5530
1223389,0,5530
1017673,0,5530
1162556,0,5530
924901,0,5530
1067063,0,5530
1059364,0,5530
1059567,0,5530
30927,0,5530
1059570,0,5530
1059572,0,5530
1059576,0,5530
719866,0,5530
737758,0,5530
1070985,0,5530
801337,0,5530
54681,0,5530
909832,0,5530
746515,0,5530
354964,0,5530
841942,0,5530
941138,0,5530
100122,0,5530
1166691,0,5530
22301,0,5530
810963,0,5530
1238729,0,5530
1085806,0,5530
1137329,0,5530
1271793,0,5530
1214899,0,5530
1276471,0,5530
1264414,0,5530
1289067,0,5530
1301458,0,5530
1271901,0,5530
23082,0,5530
315189,0,5530
9346,0,5530
90144,0,5530
741508,0,5530
71180,0,5530
94328,0,5530
26076,0,5530
65770,0,5530
1137399,0,5530
740761,0,5530
949298,0,5530
67716,0,5530
860413,0,5530
1256536,0,5530
5981,0,5530
1049172,0,5530
1086774,0,5530
60876,460,2
718916,460,2
920760,0,5530
1011570,0,5530
73952,0,5530
814547,0,5530
1084408,0,5530
1085770,0,5530
1066605,0,5530
1100969,0,5530
717605,0,5530
1131608,0,5530
886171,0,5530
1145238,0,5530
701985,0,5530
1176435,0,5530
1068848,0,5530
949536,0,5530
1027343,0,5530
1074545,0,5530
1051827,0,5530
1051828,0,5530
1031002,0,5530
1052635,0,5530
901696,0,5530
1102542,0,5530
811078,486,17
924875,486,17
923660,486,17
1068237,486,17
1013167,486,17
911503,486,17
835324,492,2
899166,492,2
1291829,0,5530
1298676,0,5530
1301782,0,5530
84792,0,5530
277135,0,5530
1057233,0,5530
1057234,0,5530
879884,0,5530
815097,0,5530
1125259,0,5530
934280,0,5530
1259429,0,5530
746481,0,5530
1043337,0,5530
216275,0,5530
1299716,0,5530
230557,0,5530
1310211,0,5530
1301683,0,5530
859905,0,5530
859906,0,5530
887426,0,5530
810117,0,5530
859910,0,5530
847320,0,5530
782149,0,5530
796489,0,5530
859911,0,5530
880115,0,5530
847384,0,5530
825881,0,5530
808028,0,5530
825886,0,5530
277509,0,5530
719582,0,5530
915735,0,5530
1075656,0,5530
1049210,0,5530
1052547,0,5530
1161924,0,5530
873591,0,5530
1006195,0,5530
31978,0,5530
1015780,0,5530
319697,0,5530
43196,0,5530
8177,0,5530
1235091,0,5530
912766,0,5530
1060386,0,5530
96412,0,5530
67625,545,3
67618,545,3
752642,545,3
110104,0,5530
72020,0,5530
1034669,0,5530
735993,0,5530
1088244,0,5530
1200022,0,5530
78814,0,5530
93751,0,5530
1116616,0,5530
821995,0,5530
318154,0,5530
1035002,0,5530
20762,0,5530
1159119,0,5530
3146,0,5530
277595,0,5530
1095600,0,5530
1100813,0,5530
1101239,0,5530
107832,0,5530
52485,0,5530
352541,0,5530
1045539,570,15
1045540,570,15
1045541,570,15
1045542,570,15
1045543,570,15
1045544,570,15
1045545,570,15
1045546,570,15
1045547,570,15
830253,570,15
1040270,570,15
101462,570,15
1261995,0,5530
1221420,0,5530
1265231,0,5530
935063,0,5530
740260,0,5530
1174175,0,5530
37472,0,5530
724988,0,5530
1135361,0,5530
1002910,0,5530
762129,0,5530
49816,0,5530
100826,0,5530
18651,0,5530
18654,0,5530
1056112,0,5530
1056121,0,5530
1024149,0,5530
1121026,0,5530
1283699,0,5530
1236736,0,5530
826682,0,5530
1076167,0,5530
1034842,0,5530
865231,0,5530
1235969,0,5530
1238023,0,5530
1271307,0,5530
1268244,0,5530
1290265,0,5530
1236510,0,5530
1310240,0,5530
1295396,0,5530
1261094,0,5530
1285670,0,5530
1274435,0,5530
1278023,0,5530
1219658,0,5530
1265229,0,5530
1282142,0,5530
1270884,0,5530
1278064,0,5530
1268340,0,5530
1291901,0,5530
1268354,0,5530
1247879,0,5530
1310371,0,5530
1302185,0,5530
1295533,0,5530
1262258,0,5530
1282227,0,5530
1295549,0,5530
1282239,0,5530
1262278,0,5530
1288916,0,5530
1216225,0,5530
1274627,0,5530
1224458,0,5530
1224464,0,5530
1278227,0,5530
1277720,0,5530
1313063,0,5530
1285419,0,5530
1291072,0,5530
1220931,0,5530
1299272,0,5530
1236307,0,5530
1308503,0,5530
1257818,0,5530
1271138,0,5530
1298787,0,5530
1261413,0,5530
1257829,0,5530
1265515,0,5530
1256811,0,5530
1256301,0,5530
1293679,0,5530
1293681,0,5530
1261418,0,5530
1281911,0,5530
1269112,0,5530
1289092,0,5530
1265033,0,5530
1288591,0,5530
1216402,0,5530
1307540,0,5530
1268117,0,5530
1301925,0,5530
1310119,0,5530
1301928,0,5530
1310123,0,5530
1281967,0,5530
1282480,0,5530
1299377,0,5530
1292210,0,5530
1276355,0,5530
1225667,0,5530
1296325,0,5530
1289159,0,5530
1291722,0,5530
1271243,0,5530
1270224,0,5530
1288659,0,5530
1236966,0,5530
1285624,0,5530
715273,0,5530
1178717,0,5530
880430,0,5530
1012100,0,5530
356309,0,5530
59229,0,5530
722392,0,5530
886206,0,5530
835729,0,5530
863436,0,5530
1053112,0,5530
784681,0,5530
1097264,0,5530
722830,0,5530
719739,0,5530
885639,0,5530
68505,0,5530
1137789,0,5530
1045609,0,5530
1045610,0,5530
1040470,0,5530
1095099,0,5530
868326,0,5530
1280452,0,5530
1161396,0,5530
894010,0,5530
866787,0,5530
1108827,0,5530
764044,0,5530
1027884,0,5530
790162,0,5530
790163,0,5530
73076,0,5530
55242,0,5530
849547,0,5530
1089063,0,5530
1106773,0,5530
1048477,0,5530
1177238,0,5530
31235,0,5530
895421,0,5530
872589,0,5530
59478,0,5530
1135152,0,5530
1099800,0,5530
935007,0,5530
1310243,0,5530
1021860,0,5530
1170565,0,5530
833081,0,5530
1009480,0,5530
1050025,0,5530
934445,0,5530
1009395,0,5530
801748,0,5530
789881,0,5530
1001426,0,5530
859475,0,5530
1121827,745,5
1121812,745,5
1121813,745,5
1121814,745,5
1121816,745,5
1021848,0,5530
1029744,0,5530
1014022,0,5530
1278679,0,5530
74145,0,5530
1021635,0,5530
919745,0,5530
1297885,0,5530
1096219,0,5530
1011006,0,5530
1051118,0,5530
1017022,0,5530
804328,0,5530
804217,763,5
827830,763,5
1061322,0,5530
108312,0,5530
100378,0,5530
74058,0,5530
1102993,0,5530
876883,0,5530
1061219,0,5530
906107,0,5530
931182,0,5530
915840,0,5530
870753,0,5530
1056874,0,5530
1051512,0,5530
902622,0,5530
919623,0,5530
913165,0,5530
922224,0,5530
317187,0,5530
1161976,0,5530
1142701,0,5530
771950,0,5530
893162,0,5530
743988,0,5530
1284077,788,2
879526,788,2
849213,0,5530
1018332,0,5530
5133,0,5530
99780,0,5530
879215,0,5530
1229505,0,5530
923144,0,5530
887936,0,5530
869231,0,5530
912093,0,5530
723125,0,5530
81050,801,2
1017815,801,2
60751,0,5530
911160,0,5530
944739,0,5530
1007330,0,5530
831967,0,5530
1105705,0,5530
1048911,0,5530
37785,0,5530
51434,0,5530
890491,0,5530
1157644,0,5530
1017968,0,5530
849778,0,5530
1057746,0,5530
1047127,0,5530
910606,0,5530
1066247,0,5530
1020859,0,5530
97472,0,5530
858877,0,5530
1281728,0,5530
1299015,0,5530
1288840,0,5530
1312879,0,5530
1301752,0,5530
1002211,0,5530
703701,0,5530
896156,0,5530
884847,0,5530
928753,0,5530
867374,0,5530
51410,0,5530
895812,0,5530
34285,0,5530
1016229,0,5530
796486,0,5530
1041577,0,5530
945436,0,5530
35527,0,5530
1050825,0,5530
848865,0,5530
43362,0,5530
828916,0,5530
716039,0,5530
1022344,0,5530
1063761,0,5530
82811,0,5530
1032033,0,5530
1011661,0,5530
1113247,0,5530
1042185,0,5530
1044435,0,5530
785312,0,5530
1174469,0,5530
1174470,0,5530
934798,0,5530
1101200,0,5530
1101201,0,5530
1101202,0,5530
1182076,0,5530
78003,0,5530
97476,0,5530
886982,0,5530
860730,0,5530
1052100,0,5530
728535,0,5530
886137,0,5530
1141732,0,5530
783005,0,5530
1060736,0,5530
1100412,0,5530
1091667,0,5530
770944,0,5530
1265283,0,5530
1265284,0,5530
1265285,0,5530
1265319,0,5530
1062982,0,5530
1265235,0,5530
1265236,0,5530
1265238,0,5530
1265239,0,5530
1265241,0,5530
1265242,0,5530
1265243,0,5530
1265244,0,5530
1265245,0,5530
1265246,0,5530
1265249,0,5530
1265250,0,5530
1265251,0,5530
1265252,0,5530
1265253,0,5530
1265254,0,5530
1265255,0,5530
1265256,0,5530
1265257,0,5530
1265258,0,5530
1265259,0,5530
1265260,0,5530
1265261,0,5530
1265262,0,5530
1265263,0,5530
1265264,0,5530
1265265,0,5530
1265266,0,5530
1265267,0,5530
1265268,0,5530
1265269,0,5530
1265270,0,5530
1265271,0,5530
1265273,0,5530
1265274,0,5530
1265275,0,5530
1265276,0,5530
1265277,0,5530
898660,0,5530
1268746,0,5530
1237293,0,5530
1230713,0,5530
1014672,0,5530
1076481,0,5530
1179060,0,5530
1209821,0,5530
1292026,0,5530
884905,0,5530
1066107,0,5530
320345,0,5530
1103013,0,5530
1088771,0,5530
61004,0,5530
34408,0,5530
1013243,0,5530
881695,0,5530
814258,0,5530
865436,0,5530
1274136,0,5530
1269829,0,5530
1274589,0,5530
1268747,0,5530
1271531,0,5530
1224368,0,5530
1286160,0,5530
1290069,0,5530
1268822,0,5530
1293655,0,5530
1222424,0,5530
1264603,0,5530
1278941,0,5530
1225791,0,5530
713002,0,5530
821407,0,5530
352915,0,5530
1089510,0,5530
1089511,0,5530
909791,0,5530
1086600,0,5530
215466,0,5530
1048611,0,5530
812011,0,5530
1222800,0,5530
1260234,0,5530
1222682,0,5530
912145,0,5530
57528,0,5530
93319,0,5530
1043946,0,5530
1085621,0,5530
1261680,0,5530
1260349,0,5530
1118237,0,5530
1261679,0,5530
884382,0,5530
1295735,0,5530
1062624,977,6
1263400,977,6
1263401,977,6
1005229,977,6
1062623,977,6
780053,0,5530
1283709,0,5530
1299269,0,5530
1285673,0,5530
1274431,0,5530
843368,987,2
813658,987,2
6201,0,5530
4515,0,5530
352363,0,5530
1025148,0,5530
1267097,0,5530
903129,0,5530
1122425,995,3
824068,995,3
65100,0,5530
1029786,0,5530
1750,0,5530
3327,0,5530
92344,0,5530
771497,0,5530
768899,0,5530
797448,0,5530
1123360,0,5530
1109304,0,5530
7431,0,5530
1134016,0,5530
1099534,0,5530
1289460,0,5530
1080034,0,5530
789132,0,5530
913616,0,5530
1216596,0,5530
891456,0,5530
39263,0,5530
1062195,1017,4
796735,1017,4
1065049,0,5530
1035374,0,5530
911673,0,5530
1003989,0,5530
1029864,0,5530
839484,0,5530
1050606,0,5530
39911,0,5530
1103076,1027,3
1036052,1027,3
1157377,0,5530
1013237,0,5530
879169,0,5530
1079028,0,5530
749038,0,5530
356037,0,5530
28630,0,5530
780571,0,5530
1052595,0,5530
911109,0,5530
1017158,0,5530
719955,0,5530
1002047,0,5530
1800,0,5530
1130464,0,5530
12400,0,5530
1017480,0,5530
891919,0,5530
1122304,0,5530
916457,0,5530
1107216,0,5530
1141399,0,5530
1130385,0,5530
42542,0,5530
1282977,0,5530
804753,0,5530
10427,0,5530
854222,0,5530
1042810,0,5530
1086740,0,5530
314808,0,5530
1126294,0,5530
1069533,1061,2
1000230,1061,2
1089473,0,5530
919943,0,5530
33185,0,5530
1163165,0,5530
33073,0,5530
813762,0,5530
1034563,0,5530
1297735,0,5530
916310,0,5530
916230,0,5530
929008,0,5530
278352,0,5530
1072342,0,5530
790528,0,5530
1260428,0,5530
1310124,0,5530
1264596,0,5530
1285418,0,5530
914475,0,5530
1168478,0,5530
896159,0,5530
723889,0,5530
949876,0,5530
1024342,0,5530
1049521,0,5530
97210,0,5530
835666,1089,3
917259,1089,3
904918,1089,3
1090071,0,5530
1050007,0,5530
54476,0,5530
1143068,0,5530
793952,0,5530
1129425,0,5530
1118361,0,5530
892482,0,5530
351998,0,5530
921691,0,5530
874214,0,5530
823768,0,5530
23675,0,5530
1049108,0,5530
29669,0,5530
37912,0,5530
927066,0,5530
808362,0,5530
895663,0,5530
763532,1111,2
794172,1111,2
1105982,0,5530
1108951,0,5530
1158449,0,5530
1042561,0,5530
949858,0,5530
832428,0,5530
1068199,0,5530
883977,0,5530
314423,0,5530
1286244,1122,3
1286245,1122,3
1295215,1122,3
894315,0,5530
875355,0,5530
911149,0,5530
1084827,0,5530
711039,0,5530
888919,0,5530
911631,0,5530
908937,0,5530
1067701,0,5530
722077,0,5530
1047166,0,5530
1289848,0,5530
68589,0,5530
1057352,0,5530
906192,0,5530
1109357,0,5530
78100,0,5530
1168165,0,5530
22606,0,5530
1273813,0,5530
1263813,0,5530
40533,0,5530
901116,0,5530
789388,0,5530
1062774,0,5530
825542,0,5530
1120438,0,5530
1261799,0,5530
899051,0,5530
709283,0,5530
938322,1155,4
913141,1155,4
1038878,1155,4
1141615,1155,4
1031951,0,5530
1042783,0,5530
833640,0,5530
70530,0,5530
851310,0,5530
1002663,0,5530
1113169,0,5530
915913,0,5530
75252,0,5530
881890,0,5530
356841,0,5530
894572,0,5530
835270,0,5530
1026743,0,5530
1021162,0,5530
1260167,0,5530
19520,0,5530
1038274,0,5530
1227654,0,5530
1160726,0,5530
1080866,0,5530
1084750,0,5530
1057060,0,5530
95574,0,5530
850460,0,5530
1281949,0,5530
785081,1185,2
353482,1185,2
1299033,0,5530
875657,0,5530
1069878,0,5530
912750,0,5530
23426,0,5530
72741,0,5530
315256,0,5530
106170,0,5530
1030653,0,5530
892907,1196,3
1065837,1196,3
1166291,0,5530
932110,0,5530
927355,0,5530
1065059,0,5530
1037038,0,5530
277375,0,5530
863680,0,5530
815838,0,5530
1036425,0,5530
703361,0,5530
1067419,0,5530
1078706,0,5530
927314,0,5530
1078820,0,5530
54291,0,5530
811596,0,5530
106040,0,5530
105770,0,5530
72444,0,5530
826683,0,5530
817135,0,5530
1037760,0,5530
921506,0,5530
1159297,0,5530
1111711,0,5530
788784,0,5530
81033,0,5530
1158659,0,5530
1089206,0,5530
1067837,0,5530
202058,0,5530
24491,0,5530
1054721,0,5530
887151,0,5530
948034,0,5530
1010470,0,5530
1264010,0,5530
1037253,0,5530
711665,0,5530
356080,0,5530
46080,0,5530
74273,0,5530
9626,0,5530
98246,0,5530
1306176,0,5530
1219389,0,5530
1288972,0,5530
1285134,0,5530
1307163,0,5530
1288863,0,5530
1312801,0,5530
1295870,0,5530
1291951,0,5530
1296048,0,5530
1312819,0,5530
1295411,0,5530
1307190,0,5530
1304703,0,5530
1299014,0,5530
1312968,0,5530
1277906,0,5530
1284845,0,5530
1309806,0,5530
1309807,0,5530
1292274,0,5530
1291764,0,5530
1291765,0,5530
1278072,0,5530
1301753,0,5530
1301754,0,5530
1295868,0,5530
1304702,0,5530
1302015,0,5530
878560,0,5530
1013467,0,5530
314132,0,5530
36047,0,5530
1124566,0,5530
1061134,1276,8
874320,1276,8
1157522,1276,8
947986,1276,8
1121716,1276,8
881788,1276,8
1220606,1276,8
311505,0,5530
701319,0,5530
845818,0,5530
41077,0,5530
1174922,0,5530
109261,0,5530
706270,0,5530
1029863,0,5530
864240,0,5530
939930,0,5530
899597,0,5530
878726,0,5530
7286,0,5530
764622,0,5530
1088856,0,5530
1033025,0,5530
898293,0,5530
790703,0,5530
1082923,0,5530
1285515,0,5530
1274914,0,5530
1285668,0,5530
1312816,0,5530
1295668,0,5530
1278188,0,5530
1290745,0,5530
1304944,0,5530
1281916,0,5530
918386,0,5530
701811,0,5530
701374,0,5530
1090012,0,5530
859598,0,5530
49071,0,5530
1297456,1317,2
1279671,1317,2
1262449,0,5530
1262450,0,5530
936340,0,5530
28412,0,5530
215419,0,5530
745456,0,5530
709005,0,5530
1028985,0,5530
1035216,1327,3
91928,1327,3
1041403,0,5530
754516,0,5530
897893,0,5530
18675,0,5530
1046861,0,5530
84557,0,5530
71675,0,5530
746838,0,5530
790051,0,5530
74303,0,5530
1173489,0,5530
915778,0,5530
931336,0,5530
27500,0,5530
1069202,0,5530
40730,0,5530
1177257,0,5530
1070772,0,5530
1108205,0,5530
885725,0,5530
77551,0,5530
1018099,0,5530
1081158,0,5530
814898,0,5530
877355,0,5530
1283140,0,5530
48039,0,5530
51124,0,5530
1003111,0,5530
931058,0,5530
1166789,0,5530
702325,0,5530
844965,0,5530
9326,0,5530
803352,0,5530
1029730,0,5530
772197,0,5530
1095858,0,5530
763744,0,5530
1000298,0,5530
1042642,1369,2
1001082,1369,2
1022608,0,5530
1054833,0,5530
1060801,0,5530
1089907,0,5530
1136655,0,5530
72162,0,5530
1282021,0,5530
1274540,0,5530
1292205,0,5530
890465,0,5530
1065087,0,5530
16040,0,5530
721683,0,5530
18349,0,5530
1296937,0,5530
825410,0,5530
940942,0,5530
1040416,0,5530
1087432,0,5530
1289632,0,5530
1000297,0,5530
865570,0,5530
1117042,0,5530
1009379,0,5530
1084242,0,5530
1075531,0,5530
1303328,0,5530
1310191,0,5530
1303122,0,5530
1299957,0,5530
1302552,0,5530
1305818,0,5530
6955,0,5530
23738,0,5530
103682,0,5530
715957,0,5530
887617,1407,5
949348,1407,5
949349,1407,5
1283434,1407,5
1283435,1407,5
1091530,0,5530
1116317,0,5530
1268384,1414,2
48638,1414,2
1098277,0,5530
1095073,1417,2
914748,1417,2
812192,1419,3
851998,1419,3
1304280,0,5530
772897,0,5530
834208,0,5530
714310,0,5530
1111590,0,5530
1085707,0,5530
930184,0,5530
1123361,0,5530
1272957,0,5530
837173,0,5530
22099,0,5530
1019756,0,5530
1166036,0,5530
895930,0,5530
1220754,0,5530
883976,0,5530
948846,0,5530
880562,0,5530
1062478,0,5530
66960,0,5530
29924,0,5530
1103837,0,5530
101830,0,5530
824410,1444,2
33002,1444,2
1038205,0,5530
9342,0,5530
3906,0,5530
1156375,0,5530
730464,0,5530
1031107,0,5530
849116,0,5530
1053532,0,5530
1083712,0,5530
916545,0,5530
1051848,0,5530
310522,0,5530
874766,0,5530
1047699,0,5530
1059790,0,5530
1110009,0,5530
744218,0,5530
708848,0,5530
798941,0,5530
1102329,0,5530
1144980,0,5530
1073149,0,5530
32166,0,5530
1091883,0,5530
861884,0,5530
1016177,0,5530
1290900,0,5530
868512,0,5530
350907,0,5530
1016006,0,5530
1266794,0,5530
1307954,0,5530
1089748,0,5530
1291834,0,5530
1255137,0,5530
1051425,0,5530
888455,0,5530
1051251,0,5530
947577,0,5530
6814,0,5530
821026,0,5530
829499,0,5530
745544,0,5530
779955,0,5530
1094561,0,5530
935494,0,5530
1001185,0,5530
726517,0,5530
1199114,0,5530
1094895,0,5530
1103234,0,5530
860097,0,5530
1070423,0,5530
886346,1499,2
277158,1499,2
934612,0,5530
1124198,0,5530
10329,0,5530
53347,0,5530
926617,0,5530
913077,0,5530
1000736,0,5530
912241,0,5530
1299109,0,5530
1235662,0,5530
28823,0,5530
880114,0,5530
922341,0,5530
805022,0,5530
1019361,0,5530
1027702,0,5530
1258736,0,5530
1260617,0,5530
946840,0,5530
798288,0,5530
92116,0,5530
1056903,0,5530
901491,0,5530
918646,0,5530
1298675,0,5530
78749,0,5530
84246,0,5530
847431,0,5530
95552,0,5530
773141,0,5530
88128,0,5530
277948,0,5530
1087456,0,5530
1292900,0,5530
1250189,0,5530
46619,0,5530
802851,0,5530
745394,0,5530
911635,0,5530
101778,0,5530
773840,0,5530
865754,0,5530
783280,0,5530
1003410,0,5530
102741,0,5530
809246,0,5530
842183,0,5530
1216897,0,5530
1261672,0,5530
1238253,0,5530
1268399,0,5530
811240,0,5530
784770,0,5530
66382,0,5530
879573,0,5530
225648,0,5530
73902,0,5530
933034,0,5530
56701,0,5530
716006,0,5530
842314,763,5
856135,763,5
830159,763,5
1013606,0,5530
1121302,0,5530
782842,0,5530
1000015,0,5530
928658,0,5530
1012620,0,5530
1271808,0,5530
1107274,0,5530
310142,0,5530
356801,0,5530
355199,0,5530
1289850,0,5530
893739,0,5530
18937,0,5530
49754,0,5530
894405,0,5530
881464,0,5530
874294,0,5530
77385,0,5530
110101,0,5530
77388,0,5530
1290729,0,5530
1285877,0,5530
1268732,0,5530
1274973,0,5530
1133082,0,5530
46709,0,5530
877931,0,5530
865415,0,5530
1036968,0,5530
817785,0,5530
1169264,0,5530
1172203,0,5530
1080056,0,5530
1035185,0,5530
1042821,0,5530
1112422,0,5530
1064243,0,5530
1062771,0,5530
720851,0,5530
1071341,0,5530
1097313,0,5530
1068806,0,5530
103145,0,5530
897067,0,5530
1142179,0,5530
1280996,0,5530
1270917,0,5530
1203941,0,5530
1251977,0,5530
1285514,0,5530
1173936,0,5530
1261105,0,5530
1163827,0,5530
1288791,0,5530
1220670,0,5530
1265225,0,5530
1254441,0,5530
1271790,0,5530
1223792,0,5530
1310986,0,5530
1269964,0,5530
1283891,0,5530
1293845,0,5530
920052,0,5530
1004155,0,5530
1306755,1630,25
1306756,1630,25
1306757,1630,25
1306758,1630,25
1042582,1630,25
1270426,1630,25
1270427,1630,25
1270428,1630,25
1270430,1630,25
77877,1630,25
1093942,1630,25
1080504,1630,25
1127358,1630,25
1031999,1630,25
1127360,1630,25
1127362,1630,25
1156216,1630,25
1224923,1630,25
1224950,1630,25
1224951,1630,25
1224952,1630,25
1156218,1630,25
1156220,1630,25
1156221,1630,25
819539,0,5530
1110507,0,5530
1048789,0,5530
932112,0,5530
929940,0,5530
877357,0,5530
919015,0,5530
810536,0,5530
1109116,0,5530
769874,0,5530
1098834,0,5530
1168338,0,5530
85812,0,5530
880117,0,5530
1271201,0,5530
1219082,0,5530
856709,1670,2
856710,1670,2
1134538,0,5530
789019,0,5530
1143908,0,5530
866273,0,5530
915290,0,5530
1110903,0,5530
96289,0,5530
1058083,0,5530
714560,1680,2
701345,1680,2
1062613,0,5530
33416,0,5530
922621,0,5530
949699,0,5530
1020214,0,5530
703360,0,5530
109831,0,5530
1050377,1689,2
32346,1689,2
354707,0,5530
46207,0,5530
920527,0,5530
908254,0,5530
320335,0,5530
24741,0,5530
73088,0,5530
1017259,0,5530
785787,0,5530
1128928,0,5530
353779,0,5530
1053059,0,5530
923118,0,5530
16918,0,5530
22444,0,5530
1290999,0,5530
1291000,0,5530
880765,0,5530
54883,0,5530
1098690,0,5530
1027532,0,5530
1139463,0,5530
1141107,0,5530
727008,0,5530
743884,0,5530
1069152,0,5530
1040426,0,5530
1125264,0,5530
1186258,0,5530
1019542,0,5530
101001,0,5530
100517,0,5530
59558,0,5530
874255,0,5530
1096752,0,5530
1071739,0,5530
1060824,0,5530
1035748,0,5530
9092,0,5530
745614,0,5530
799088,0,5530
820067,0,5530
313716,0,5530
751085,0,5530
1066026,0,5530
779390,0,5530
1132424,0,5530
1132423,0,5530
911002,0,5530
924373,0,5530
884629,0,5530
1045810,0,5530
717238,0,5530
1237027,0,5530
1268737,0,5530
776867,0,5530
913357,0,5530
1052837,0,5530
10795,0,5530
1044590,0,5530
800240,0,5530
1110456,0,5530
1110458,0,5530
1084421,0,5530
738076,0,5530
3370,0,5530
768262,0,5530
812703,0,5530
1084048,0,5530
760436,0,5530
56679,0,5530
1038523,0,5530
1265131,0,5530
1056035,0,5530
809061,1765,2
813831,1765,2
899881,0,5530
1094961,0,5530
1095330,0,5530
230463,0,5530
1235010,0,5530
1285701,0,5530
1018710,0,5530
930553,0,5530
9984,0,5530
915389,0,5530
918066,0,5530
936395,0,5530
1306051,0,5530
1024126,0,5530
1084580,0,5530
879101,0,5530
1234307,0,5530
1234308,0,5530
1269977,0,5530
912926,0,5530
1019737,0,5530
1032220,0,5530
1296435,0,5530
948845,0,5530
927003,0,5530
1040660,0,5530
1116942,0,5530
1040554,0,5530
893577,0,5530
1284410,0,5530
1034054,0,5530
36104,0,5530
66025,0,5530
824803,0,5530
92472,0,5530
908440,0,5530
1041333,0,5530
1031798,0,5530
1294465,0,5530
1294469,0,5530
1294853,0,5530
1294855,0,5530
1294470,0,5530
1294474,0,5530
1294478,0,5530
1294480,0,5530
1294481,0,5530
1294488,0,5530
1294371,0,5530
1294377,0,5530
1294505,0,5530
1294382,0,5530
1294511,0,5530
1294386,0,5530
1294392,0,5530
1294520,0,5530
1294395,0,5530
1294401,0,5530
1294535,0,5530
1294409,0,5530
1294543,0,5530
1294416,0,5530
1294424,0,5530
1294428,0,5530
1294814,0,5530
1294816,0,5530
1294817,0,5530
1294824,0,5530
1294440,0,5530
1294570,0,5530
1294830,0,5530
1294831,0,5530
1294450,0,5530
1294836,0,5530
1294453,0,5530
1294455,0,5530
1294457,0,5530
1294460,0,5530
1294846,0,5530
1285187,0,5530
1285091,0,5530
1285096,0,5530
1285960,0,5530
1299275,0,5530
1281964,0,5530
1277554,0,5530
826083,0,5530
887733,0,5530
916314,0,5530
792013,0,5530
816949,1857,2
718007,1857,2
931148,0,5530
730212,1860,3
727087,1860,3
881905,0,5530
205695,0,5530
767920,0,5530
1018003,0,5530
52988,0,5530
81362,0,5530
1125011,0,5530
716823,0,5530
768162,0,5530
776325,0,5530
1170304,0,5530
1050816,0,5530
1138602,0,5530
1108991,0,5530
1070495,0,5530
100331,0,5530
862510,0,5530
714311,0,5530
1096325,0,5530
700733,0,5530
1082064,0,5530
865917,0,5530
1179352,1884,3
1176373,1884,3
1179351,1884,3
1064648,0,5530
1086195,0,5530
1244832,1889,3
1244827,1889,3
1236416,1889,3
874841,0,5530
949870,0,5530
12978,0,5530
45947,0,5530
1032204,0,5530
919942,0,5530
1289836,0,5530
919953,0,5530
1094067,0,5530
1094068,0,5530
1054040,0,5530
1059761,0,5530
1040130,0,5530
873860,0,5530
1015328,0,5530
789073,0,5530
110430,0,5530
38079,0,5530
723924,0,5530
1183920,0,5530
946581,0,5530
801348,0,5530
881453,0,5530
1038509,0,5530
829114,0,5530
777917,0,5530
894738,0,5530
1236528,0,5530
1265198,0,5530
1257543,0,5530
52617,0,5530
110471,0,5530
854662,0,5530
1262279,0,5530
795551,0,5530
350698,0,5530
821536,0,5530
907562,0,5530
71829,0,5530
854271,0,5530
107815,0,5530
107819,0,5530
783325,0,5530
916504,0,5530
54991,0,5530
1224569,0,5530
1261482,0,5530
1229270,0,5530
1005731,0,5530
1133324,0,5530
1022469,0,5530
701853,0,5530
1299114,0,5530
1257793,0,5530
25191,0,5530
7536,0,5530
352947,0,5530
827230,0,5530
1276476,0,5530
1276477,0,5530
50104,0,5530
72207,0,5530
87777,0,5530
216085,0,5530
1062231,0,5530
1107112,0,5530
1017172,0,5530
40729,0,5530
731939,0,5530
1261254,0,5530
1056064,0,5530
842881,1963,25
873739,1963,25
851724,1963,25
811031,1963,25
833054,1963,25
869801,1963,25
854062,1963,25
888239,1963,25
888240,1963,25
854066,1963,25
872121,1963,25
824894,1963,25
860744,1963,25
860745,1963,25
799178,1963,25
850506,1963,25
870229,1963,25
806613,1963,25
863832,1963,25
863835,1963,25
863837,1963,25
826345,1963,25
833526,1963,25
850427,1963,25
1061937,0,5530
1070750,0,5530
1235162,0,5530
1161963,0,5530
718924,0,5530
836429,0,5530
49648,0,5530
1057877,0,5530
886163,0,5530
874691,0,5530
1257640,0,5530
352825,0,5530
943452,0,5530
357097,0,5530
928659,0,5530
350797,0,5530
1064728,0,5530
1171486,0,5530
927628,0,5530
1268306,0,5530
1221229,0,5530
1050797,0,5530
46653,0,5530
1037975,0,5530
842162,0,5530
863821,0,5530
91388,0,5530
1210677,0,5530
1012569,0,5530
1125057,0,5530
909413,0,5530
1057689,0,5530
356028,0,5530
1207070,0,5530
1021179,0,5530
739608,0,5530
46989,0,5530
1060490,0,5530
63754,0,5530
1021561,0,5530
52969,0,5530
1023052,0,5530
770949,0,5530
58592,0,5530
1137067,0,5530
1096199,0,5530
818813,0,5530
1026816,0,5530
789570,0,5530
881665,0,5530
1015483,0,5530
922521,0,5530
918965,0,5530
1289728,2040,2
1289729,2040,2
934648,0,5530
72243,0,5530
1286862,0,5530
1282266,0,5530
1041954,0,5530
314727,0,5530
908177,0,5530
841555,0,5530
917225,0,5530
920605,0,5530
731122,0,5530
764156,0,5530
1263074,0,5530
1282582,0,5530
1040261,0,5530
943823,0,5530
877902,0,5530
1015859,0,5530
917470,0,5530
87050,0,5530
914397,0,5530
1113232,0,5530
879106,0,5530
70866,0,5530
1034670,0,5530
1225288,0,5530
1237223,0,5530
1220307,0,5530
1264956,0,5530
1006892,0,5530
863557,0,5530
1041379,0,5530
1105055,0,5530
65011,0,5530
892147,0,5530
1077670,0,5530
1077672,0,5530
72331,0,5530
849240,0,5530
777676,0,5530
28866,0,5530
824169,0,5530
318306,0,5530
946486,0,5530
924140,0,5530
875045,0,5530
880771,0,5530
802724,0,5530
891288,0,5530
1082038,0,5530
82788,0,5530
79731,0,5530
3673,0,5530
774459,0,5530
67646,0,5530
21665,0,5530
6284,0,5530
889423,0,5530
105016,0,5530
893949,0,5530
32017,0,5530
842633,0,5530
319201,0,5530
866368,0,5530
318380,0,5530
1191857,0,5530
8063,0,5530
1004960,0,5530
882796,0,5530
1230634,2111,2
1130284,2111,2
887905,0,5530
1028918,0,5530
910619,0,5530
812708,0,5530
1038074,0,5530
731502,0,5530
102379,0,5530
936468,0,5530
726513,0,5530
921365,0,5530
701869,0,5530
790071,0,5530
863437,0,5530
22701,0,5530
833076,0,5530
886239,0,5530
918160,0,5530
860748,0,5530
805419,0,5530
314661,0,5530
313749,0,5530
1241199,0,5530
34088,0,5530
874389,0,5530
933974,0,5530
276889,0,5530
830916,0,5530
350847,0,5530
900075,0,5530
1060021,0,5530
853456,2143,4
1005177,2143,4
1100878,2143,4
934448,0,5530
1080029,0,5530
13610,0,5530
1067549,0,5530
1065280,0,5530
1139650,0,5530
95521,0,5530
1170650,0,5530
107263,0,5530
1140859,0,5530
943861,0,5530
1089503,0,5530
1069530,0,5530
356830,0,5530
716643,0,5530
887596,0,5530
1041657,0,5530
19353,0,5530
34151,0,5530
712515,0,5530
723612,0,5530
851520,0,5530
1192305,0,5530
1299210,0,5530
215403,0,5530
1310369,0,5530
1269067,0,5530
1302187,0,5530
90896,0,5530
57497,0,5530
1057758,0,5530
877860,0,5530
1047334,0,5530
1047335,0,5530
1094360,0,5530
1099668,0,5530
109758,0,5530
1111335,0,5530
743532,0,5530
230498,0,5530
911634,0,5530
858339,0,5530
1288403,0,5530
1120462,0,5530
1175483,0,5530
1075343,0,5530
943897,0,5530
54003,0,5530
1268804,0,5530
1184485,0,5530
1206567,0,5530
1212266,0,5530
1176371,0,5530
1172412,0,5530
902277,2200,4
743367,2200,4
764478,0,5530
9534,0,5530
758004,0,5530
919226,2205,3
94610,2205,3
820736,0,5530
1001907,0,5530
846616,0,5530
908598,0,5530
67472,0,5530
899171,0,5530
1302977,0,5530
64782,2214,2
216543,2214,2
816956,0,5530
820318,0,5530
944148,0,5530
1012159,0,5530
1177394,0,5530
1003022,0,5530
1006835,0,5530
94845,0,5530
1282400,2224,5
1136529,2224,5
1136933,2224,5
1170797,2224,5
1178970,0,5530
1009302,0,5530
12659,0,5530
37008,2231,7
70793,2231,7
215219,0,5530
858558,0,5530
1054102,0,5530
887023,0,5530
725549,0,5530
350077,0,5530
851968,0,5530
19446,0,5530
912562,0,5530
1098803,0,5530
944868,0,5530
1213336,2244,2
843762,2244,2
946842,0,5530
47580,0,5530
792985,0,5530
1089044,0,5530
1237941,0,5530
893670,0,5530
889570,0,5530
1172371,0,5530
1113099,0,5530
1273013,0,5530
63908,0,5530
702259,0,5530
1100917,0,5530
81025,2259,3
91882,2259,3
754737,2259,3
891332,0,5530
879045,0,5530
853735,0,5530
821097,0,5530
836972,0,5530
867640,0,5530
912605,0,5530
1050180,0,5530
835541,0,5530
1232241,0,5530
25354,0,5530
48595,0,5530
316206,0,5530
1070794,0,5530
1228862,0,5530
949874,0,5530
899394,0,5530
1172480,0,5530
1131517,0,5530
1218320,0,5530
315858,0,5530
778946,0,5530
921768,0,5530
351917,570,15
1018074,0,5530
1026448,0,5530
1080667,0,5530
1111247,0,5530
1049480,0,5530
1067983,0,5530
9389,0,5530
890926,0,5530
1096509,0,5530
711513,0,5530
1196501,0,5530
1142750,0,5530
1096352,0,5530
1096353,0,5530
1096354,0,5530
1047202,0,5530
1046327,0,5530
1135017,0,5530
888228,0,5530
862668,0,5530
822416,0,5530
1005757,0,5530
39677,0,5530
93631,0,5530
1257613,0,5530
1003929,0,5530
885074,0,5530
1029023,0,5530
1000694,0,5530
880446,0,5530
774695,0,5530
1144528,0,5530
38777,0,5530
4447,0,5530
1069258,0,5530
14272,0,5530
1000697,0,5530
713425,0,5530
1043915,0,5530
1275283,0,5530
63541,0,5530
913142,0,5530
1115285,0,5530
896400,2329,3
1061646,2329,3
2135,0,5530
75208,0,5530
1143967,0,5530
1181232,0,5530
1300446,0,5530
889971,0,5530
1123979,0,5530
1064990,0,5530
1032462,0,5530
1141517,0,5530
928576,0,5530
1098296,0,5530
911326,0,5530
1103390,0,5530
1088381,2345,2
811830,2345,2
1091748,0,5530
21510,0,5530
828119,0,5530
814184,0,5530
1015293,0,5530
845289,0,5530
1057693,0,5530
277058,0,5530
41719,0,5530
1304901,0,5530
25895,0,5530
722839,0,5530
38723,0,5530
103096,0,5530
99047,0,5530
108772,0,5530
822665,0,5530
799097,0,5530
1163958,0,5530
946815,0,5530
318300,0,5530
32272,0,5530
1232229,0,5530
820237,0,5530
1055264,0,5530
1261159,0,5530
1130626,0,5530
18926,0,5530
1160497,0,5530
1060232,0,5530
716783,0,5530
1030471,0,5530
850313,0,5530
720500,0,5530
737207,0,5530
60519,0,5530
1253808,2383,2
1290719,2383,2
1047040,0,5530
719164,0,5530
1221025,0,5530
1229347,0,5530
1236973,0,5530
1257361,0,5530
1216790,0,5530
1248374,0,5530
1248377,0,5530
1261596,0,5530
26537,0,5530
858452,0,5530
1000228,0,5530
1178575,0,5530
105634,0,5530
206030,0,5530
1006402,0,5530
1081316,0,5530
793733,0,5530
833079,0,5530
21267,0,5530
1098659,0,5530
1064116,0,5530
1161364,0,5530
1064117,0,5530
1161366,0,5530
777001,0,5530
1086222,0,5530
77776,0,5530
1018946,0,5530
1080709,0,5530
1002554,2416,3
930803,2416,3
1094019,2416,3
1298978,0,5530
1071806,0,5530
1006240,0,5530
1047122,0,5530
790070,0,5530
1307286,0,5530
1285664,0,5530
1301417,0,5530
1257641,0,5530
1251001,0,5530
1274818,0,5530
1035884,0,5530
874265,0,5530
753281,0,5530
847322,0,5530
1141299,0,5530
857115,2435,3
881716,2435,3
824605,2435,3
821130,0,5530
1023131,0,5530
44545,0,5530
41091,0,5530
3153,0,5530
1160661,0,5530
66904,0,5530
92122,0,5530
86940,0,5530
1101680,0,5530
1005201,0,5530
885259,0,5530
1042173,0,5530
1088873,2451,4
1088866,2451,4
1088869,2451,4
1088870,2451,4
771266,0,5530
802301,0,5530
1159974,0,5530
1159975,0,5530
1159976,0,5530
1067851,0,5530
1157303,0,5530
1037390,0,5530
1022974,0,5530
939767,0,5530
1107978,0,5530
915354,0,5530
1013609,2467,3
1141719,2467,3
32258,0,5530
858803,0,5530
31986,2471,5
200155,2471,5
43300,0,5530
351936,0,5530
1027362,0,5530
822206,0,5530
840319,0,5530
61986,0,5530
728303,0,5530
883107,0,5530
9892,0,5530
1062530,0,5530
1160513,0,5530
889609,0,5530
1003429,0,5530
1035713,0,5530
1145124,0,5530
1045450,0,5530
1059131,0,5530
40704,0,5530
23341,0,5530
1283137,0,5530
1309308,0,5530
1292206,0,5530
1303985,0,5530
1265778,0,5530
1301937,0,5530
1304949,0,5530
813040,0,5530
1041393,0,5530
813041,0,5530
1041396,0,5530
1041398,0,5530
1041400,0,5530
1041401,0,5530
1041402,0,5530
101116,0,5530
1002114,0,5530
855658,0,5530
31347,0,5530
1009626,0,5530
1100682,0,5530
739878,0,5530
76282,2514,2
1068148,2514,2
109156,0,5530
320333,0,5530
1011657,0,5530
1288248,0,5530
1305018,0,5530
817979,0,5530
49728,2522,2
755001,2522,2
18672,2524,2
1089819,2524,2
1091756,0,5530
1003214,0,5530
1304960,0,5530
1303497,2529,2
916789,2529,2
1284698,0,5530
1096958,0,5530
1087934,0,5530
934473,0,5530
7789,0,5530
765880,0,5530
315213,0,5530
1042787,0,5530
931707,0,5530
1290677,0,5530
711404,0,5530
835768,0,5530
883981,0,5530
1223146,0,5530
1223572,0,5530
1290748,0,5530
1262111,0,5530
54496,0,5530
54507,0,5530
719413,0,5530
83588,0,5530
811696,0,5530
1001868,0,5530
1066104,0,5530
1100885,0,5530
801338,0,5530
928064,0,5530
799167,0,5530
875762,0,5530
745774,0,5530
1011582,0,5530
109380,0,5530
807882,0,5530
1053706,0,5530
846909,0,5530
1274913,0,5530
1107601,0,5530
840889,0,5530
1135185,0,5530
10081,0,5530
59440,0,5530
69733,0,5530
932372,2573,2
1289790,2573,2
1141982,0,5530
355777,0,5530
1043509,0,5530
842635,0,5530
1131907,0,5530
880285,2580,2
1173911,2580,2
1093434,0,5530
722079,0,5530
1094739,0,5530
313927,0,5530
842023,0,5530
1002235,0,5530
787784,0,5530
885988,0,5530
830122,0,5530
1142512,0,5530
1082337,0,5530
813672,0,5530
1272547,0,5530
1111634,0,5530
878932,0,5530
1225297,0,5530
1268185,0,5530
1088033,0,5530
1106842,0,5530
867058,0,5530
897723,0,5530
909326,0,5530
944765,0,5530
1141391,0,5530
310569,0,5530
863015,0,5530
888747,0,5530
728249,0,5530
845875,2610,15
907045,2610,15
854926,2610,15
869615,2610,15
1040971,0,5530
1287701,0,5530
923149,0,5530
96223,0,5530
1050096,0,5530
1053361,0,5530
883975,0,5530
1002519,0,5530
355429,0,5530
310826,0,5530
926966,0,5530
40987,0,5530
45599,0,5530
81020,0,5530
20290,0,5530
899652,0,5530
100858,0,5530
1293314,0,5530
926282,0,5530
1130452,0,5530
1136174,0,5530
64472,2635,2
97052,2635,2
65195,0,5530
1294632,0,5530
804888,0,5530
201461,0,5530
1059786,0,5530
1109935,0,5530
1059556,0,5530
719152,0,5530
78966,0,5530
1092367,0,5530
914329,0,5530
924822,0,5530
731802,0,5530
1112412,0,5530
1050808,0,5530
926326,0,5530
932352,0,5530
1182129,0,5530
1124804,0,5530
1095565,0,5530
918964,0,5530
75234,0,5530
714530,0,5530
1017917,0,5530
1189712,0,5530
1108482,0,5530
39092,0,5530
1009829,0,5530
1100389,0,5530
1178056,0,5530
1286045,0,5530
721237,0,5530
1273886,0,5530
1063254,0,5530
350563,2671,2
96271,2671,2
75340,0,5530
94344,0,5530
1310234,0,5530
1282337,0,5530
1283877,0,5530
1277607,0,5530
1237299,0,5530
1292216,0,5530
1271614,0,5530
1225289,0,5530
1221461,0,5530
1257830,0,5530
1282412,0,5530
1301997,0,5530
1217017,0,5530
1224954,0,5530
1053374,0,5530
351346,0,5530
34782,0,5530
1041858,0,5530
106532,0,5530
879437,0,5530
1095996,0,5530
14930,0,5530
1035826,0,5530
1056794,0,5530
4281,0,5530
1172139,0,5530
945764,0,5530
1072546,0,5530
853695,0,5530
797465,0,5530
1044942,0,5530
853890,2706,5
1122667,2706,5
1306527,2706,5
1055160,0,5530
1119664,0,5530
72911,0,5530
791908,0,5530
942788,0,5530
1047188,0,5530
921738,0,5530
1012128,0,5530
357020,0,5530
1261694,0,5530
718074,0,5530
350846,0,5530
66479,0,5530
927761,0,5530
75659,0,5530
1072379,0,5530
1262768,0,5530
1175757,0,5530
1094392,0,5530
849399,0,5530
873364,0,5530
1056386,0,5530
892537,2731,2
275858,2731,2
1170071,2733,4
893955,2733,4
1205734,2733,4
1164019,2733,4
1299139,0,5530
1192503,2738,2
1267023,2738,2
1176236,0,5530
59255,0,5530
1047865,0,5530
811669,0,5530
1102643,0,5530
1223037,0,5530
1002590,0,5530
868611,0,5530
1039684,0,5530
1062379,0,5530
945734,0,5530
30625,0,5530
750004,0,5530
1037388,0,5530
14707,0,5530
60086,0,5530
3453,0,5530
1168335,0,5530
1135271,0,5530
50957,0,5530
1036081,0,5530
1105542,0,5530
1175108,0,5530
5768,0,5530
31617,0,5530
710182,2765,6
1193311,2765,6
29806,0,5530
1025835,0,5530
914384,0,5530
750561,0,5530
1054579,0,5530
1114529,0,5530
1093649,0,5530
70033,0,5530
1117119,0,5530
1162283,0,5530
907072,0,5530
795266,0,5530
916459,0,5530
745274,0,5530
1089697,0,5530
1115143,0,5530
62262,0,5530
788983,0,5530
1289480,0,5530
31667,0,5530
1108109,0,5530
888165,0,5530
351903,0,5530
724024,0,5530
1018871,0,5530
15615,0,5530
6314,0,5530
1272126,0,5530
1137226,0,5530
866374,0,5530
1056696,0,5530
1268569,0,5530
1040570,0,5530
1286686,0,5530
900349,0,5530
932064,0,5530
786998,0,5530
806624,0,5530
1101396,0,5530
1046860,0,5530
1285603,0,5530
1287414,0,5530
1049442,0,5530
866830,0,5530
877645,0,5530
15511,0,5530
1035675,0,5530
45876,0,5530
110621,0,5530
6281,0,5530
54050,0,5530
1277021,0,5530
881791,0,5530
1051628,0,5530
875159,0,5530
943742,2822,2
1081630,2822,2
46043,0,5530
873603,0,5530
910406,0,5530
803649,2827,2
1159281,2827,2
831968,0,5530
1012270,0,5530
889930,0,5530
1005387,0,5530
864264,0,5530
1065865,0,5530
769397,0,5530
102729,0,5530
794323,0,5530
1044430,0,5530
1109242,0,5530
45012,0,5530
919583,0,5530
934749,2842,2
1304366,2842,2
1055726,0,5530
1171078,2845,3
1171079,2845,3
317093,0,5530
1103926,2848,2
1095079,2848,2
921030,0,5530
200138,0,5530
1124140,0,5530
1012140,0,5530
870760,0,5530
912088,0,5530
790730,0,5530
913015,0,5530
949961,28,5
1294147,2859,2
1283239,2859,2
808918,0,5530
1052303,0,5530
849448,0,5530
878725,0,5530
1086472,0,5530
1157687,0,5530
1168012,0,5530
1226640,0,5530
1137106,0,5530
1274041,0,5530
850779,0,5530
19617,0,5530
47129,0,5530
38009,0,5530
1279649,2875,17
1279651,2875,17
1283238,2875,17
1279657,2875,17
1282730,2875,17
1278892,2875,17
1311437,2875,17
1280976,2875,17
1286865,2875,17
1279666,2875,17
1288756,2875,17
1279639,2875,17
1279642,2875,17
1279643,2875,17
1279644,2875,17
1279645,2875,17
1280703,2875,17
1033905,0,5530
906337,0,5530
949491,0,5530
13606,0,5530
1041859,0,5530
1092006,0,5530
740125,0,5530
882095,0,5530
1122976,0,5530
1161935,0,5530
837465,0,5530
1020569,0,5530
892112,0,5530
921114,0,5530
1080306,0,5530
1002037,0,5530
1122904,0,5530
1102541,0,5530
870755,0,5530
873303,0,5530
755199,0,5530
1280191,0,5530
104897,0,5530
72418,0,5530
779152,2916,2
856982,2916,2
1102556,0,5530
1034397,0,5530
6845,0,5530
1107920,0,5530
96638,0,5530
1091158,0,5530
1027915,0,5530
918581,0,5530
46765,0,5530
941548,0,5530
1297968,0,5530
805326,0,5530
1069469,0,5530
925548,0,5530
949039,0,5530
1138118,0,5530
1004989,0,5530
1090727,0,5530
1301406,0,5530
1301399,0,5530
917331,0,5530
1193482,0,5530
1271314,0,5530
1264664,0,5530
1168428,0,5530
1207852,0,5530
1301552,0,5530
1298483,0,5530
1307191,0,5530
1168439,0,5530
1210938,0,5530
1285179,0,5530
1285180,0,5530
1278018,0,5530
1172055,0,5530
1172062,0,5530
1246302,0,5530
1167982,0,5530
1167986,0,5530
1178744,0,5530
1281663,0,5530
1228929,0,5530
1291907,0,5530
1304200,0,5530
1288848,0,5530
1216149,0,5530
1235094,0,5530
1224347,0,5530
1285276,0,5530
1277606,0,5530
1299110,0,5530
1178797,0,5530
1172143,0,5530
1295535,0,5530
1288889,0,5530
1312451,0,5530
1176264,0,5530
1176265,0,5530
1163978,0,5530
1181914,0,5530
1256155,0,5530
1224411,0,5530
1163997,0,5530
1137383,0,5530
1174251,0,5530
1216238,0,5530
1292014,0,5530
1174257,0,5530
1224440,0,5530
1267961,0,5530
1281796,0,5530
1261336,0,5530
1176345,0,5530
1174298,0,5530
1295645,0,5530
1182502,0,5530
1274169,0,5530
1309524,0,5530
1271133,0,5530
1274208,0,5530
1246077,0,5530
1228674,0,5530
1304458,0,5530
1234317,0,5530
1193363,0,5530
1192347,0,5530
1219507,0,5530
1169855,0,5530
1264576,0,5530
1306562,0,5530
1206211,0,5530
1312705,0,5530
1162693,0,5530
1162694,0,5530
1256396,0,5530
1277903,0,5530
1261007,0,5530
1309650,0,5530
1268207,0,5530
1201139,0,5530
1124827,0,5530
1165880,0,5530
21175,0,5530
49826,0,5530
1051717,0,5530
812906,0,5530
879575,0,5530
350066,0,5530
1028734,0,5530
1217064,0,5530
1265500,0,5530
1009304,0,5530
52795,0,5530
1113148,0,5530
1006830,0,5530
77476,0,5530
1289945,0,5530
1142417,0,5530
1091973,0,5530
1064735,0,5530
949240,0,5530
810332,0,5530
819913,0,5530
807884,0,5530
1061393,3042,2
18647,3042,2
1275187,0,5530
1015856,0,5530
1229240,0,5530
823094,0,5530
1263282,0,5530
1037652,0,5530
880059,0,5530
930420,0,5530
709355,0,5530
925645,0,5530
853927,0,5530
25305,0,5530
1018522,0,5530
1169055,0,5530
928421,0,5530
1029506,0,5530
1082423,0,5530
96869,0,5530
926897,0,5530
6342,0,5530
316709,0,5530
702131,0,5530
1279249,0,5530
1307837,0,5530
875320,0,5530
919869,0,5530
1012771,0,5530
1025953,0,5530
890801,0,5530
1058444,0,5530
1225490,0,5530
943819,0,5530
1142596,0,5530
76174,0,5530
850483,0,5530
724941,0,5530
1207420,3080,3
1207492,3080,3
1261845,3080,3
878736,0,5530
920148,0,5530
852772,0,5530
831259,3086,2
64279,3086,2
874238,0,5530
1209028,0,5530
1094238,0,5530
1059142,0,5530
1175167,0,5530
889331,0,5530
38725,0,5530
25600,3095,2
25598,3095,2
106374,0,5530
742112,0,5530
1263756,0,5530
924646,0,5530
814676,0,5530
1097149,0,5530
1121484,0,5530
1288776,0,5530
1140486,0,5530
1289701,0,5530
63276,0,5530
899923,0,5530
1166347,0,5530
850693,0,5530
60667,0,5530
765258,0,5530
895726,0,5530
1051470,0,5530
835887,0,5530
885721,0,5530
949589,0,5530
1003124,0,5530
1087423,0,5530
91142,0,5530
1071993,0,5530
921549,0,5530
715787,0,5530
1050167,0,5530
854709,0,5530
91693,0,5530
790609,3127,4
809938,3127,4
845399,3127,4
1270819,0,5530
1229092,0,5530
1266342,0,5530
853273,0,5530
1295401,0,5530
883813,0,5530
726516,28,5
1010788,0,5530
883943,0,5530
1170010,0,5530
822662,0,5530
1052593,0,5530
1007587,0,5530
50725,0,5530
1085320,3144,4
1085319,3144,4
311046,0,5530
1007456,0,5530
320575,0,5530
869087,0,5530
99250,0,5530
944763,0,5530
887227,0,5530
12355,0,5530
1019671,0,5530
1037275,0,5530
784011,0,5530
311871,0,5530
1035815,0,5530
708821,3159,2
747605,3159,2
902270,0,5530
79958,0,5530
1006264,0,5530
320121,0,5530
833444,0,5530
811641,0,5530
855654,0,5530
1014473,0,5530
878436,0,5530
845434,0,5530
1072343,0,5530
1226627,0,5530
1256074,0,5530
1240598,0,5530
947991,0,5530
1226142,0,5530
1081766,0,5530
1269292,0,5530
1255859,0,5530
1221947,0,5530
1264059,0,5530
1252548,0,5530
1232586,0,5530
1265513,0,5530
1214816,0,5530
216539,0,5530
1024724,0,5530
723603,0,5530
878927,0,5530
1096376,0,5530
1016613,0,5530
1053676,0,5530
36270,0,5530
1013857,0,5530
792977,0,5530
1104188,0,5530
5187,0,5530
906347,0,5530
1061859,0,5530
1282637,0,5530
849667,0,5530
21759,0,5530
1014383,0,5530
1001902,0,5530
873044,0,5530
1109196,0,5530
1018724,0,5530
895385,0,5530
1089613,0,5530
706015,0,5530
914478,0,5530
797721,0,5530
1296347,0,5530
1094243,0,5530
1264388,0,5530
739708,0,5530
798949,0,5530
311471,0,5530
1121439,0,5530
353569,0,5530
1007228,0,5530
1041061,0,5530
855906,0,5530
1080014,0,5530
64040,0,5530
1145460,0,5530
877476,0,5530
4962,0,5530
50863,0,5530
92259,3230,2
100885,3230,2
813619,0,5530
911421,0,5530
1116449,0,5530
1022080,0,5530
795363,0,5530
1060822,0,5530
882873,0,5530
864559,0,5530
914786,3240,2
1005415,3240,2
915862,0,5530
864509,0,5530
107140,0,5530
1168397,0,5530
1001606,0,5530
96287,0,5530
893755,3248,5
808066,3248,5
826595,3248,5
850877,3248,5
1035267,0,5530
1227728,2200,4
825411,0,5530
105132,0,5530
717423,0,5530
30828,0,5530
943904,3258,17
943906,3258,17
1037156,3258,17
1036500,3258,17
913497,3258,17
1287750,0,5530
709804,0,5530
1039399,0,5530
1056288,0,5530
1278382,0,5530
1271625,3268,2
1028643,3268,2
1063527,0,5530
737210,0,5530
1113481,0,5530
726728,0,5530
90498,0,5530
1048286,0,5530
1141103,0,5530
1108271,0,5530
93389,0,5530
866609,0,5530
1124941,0,5530
805023,0,5530
813562,0,5530
926761,0,5530
883701,0,5530
833795,0,5530
918709,0,5530
6383,0,5530
1108185,0,5530
949956,0,5530
1173431,0,5530
1110647,0,5530
946991,0,5530
1293243,0,5530
810136,0,5530
90168,0,5530
1047837,0,5530
812191,0,5530
922475,0,5530
46129,3299,2
1255474,3299,2
1295810,0,5530
98222,0,5530
904080,0,5530
886835,0,5530
732485,0,5530
882835,0,5530
25232,0,5530
755003,0,5530
57131,0,5530
917173,0,5530
36995,3311,2
1188382,3311,2
1031329,0,5530
1184702,0,5530
92232,2471,5
97142,2471,5
65695,2471,5
1163370,0,5530
66004,0,5530
812701,0,5530
769520,0,5530
919722,0,5530
895329,0,5530
919628,0,5530
809398,0,5530
1177702,0,5530
1257296,0,5530
1256582,0,5530
1123337,0,5530
1104506,0,5530
749251,0,5530
1073349,0,5530
730469,0,5530
702165,0,5530
1077428,0,5530
64908,0,5530
1040441,0,5530
722723,0,5530
1132747,3339,3
1191813,3339,3
1277151,3339,3
101984,0,5530
774352,0,5530
949493,0,5530
932858,0,5530
945212,0,5530
1099391,0,5530
96831,0,5530
823560,0,5530
723531,0,5530
887921,3351,2
890547,3351,2
45919,0,5530
722104,0,5530
1040017,0,5530
1003464,0,5530
722313,0,5530
852426,0,5530
28626,0,5530
912888,0,5530
1080099,0,5530
1297633,0,5530
25793,0,5530
64803,0,5530
1040596,0,5530
890394,0,5530
884719,0,5530
850579,0,5530
924101,0,5530
1038222,0,5530
1078075,0,5530
1096385,0,5530
1129542,0,5530
96943,0,5530
730263,0,5530
1108674,0,5530
850429,0,5530
1136869,0,5530
929987,0,5530
67215,0,5530
906282,0,5530
904978,0,5530
87196,0,5530
1061571,0,5530
1048268,0,5530
277638,0,5530
1141807,0,5530
1019849,0,5530
69891,0,5530
1011737,3390,2
811671,3390,2
890564,2329,3
929144,0,5530
1283683,0,5530
73986,3395,11
81027,3395,11
105860,3395,11
857571,3395,11
92487,3395,11
4904,3395,11
55373,3395,11
18734,3395,11
22198,3395,11
50172,3395,11
6879,3395,11
813781,0,5530
906469,0,5530
310764,0,5530
1035770,0,5530
849636,0,5530
836658,0,5530
1163710,0,5530
837010,0,5530
760326,0,5530
1012482,0,5530
1114925,0,5530
1022225,0,5530
1058057,0,5530
1015577,0,5530
1065246,0,5530
1030749,0,5530
1060559,0,5530
10456,0,5530
84748,0,5530
1070534,0,5530
1138951,0,5530
106618,0,5530
101271,0,5530
1100179,2765,6
1061507,0,5530
741696,3431,2
735780,3431,2
75491,0,5530
1075607,0,5530
64892,0,5530
828146,0,5530
1264707,0,5530
106926,0,5530
230211,0,5530
55772,0,5530
320187,0,5530
94673,0,5530
92416,0,5530
906553,0,5530
12779,0,5530
848551,0,5530
1014041,0,5530
1157972,0,5530
1081661,0,5530
1058299,0,5530
1144331,0,5530
1084755,0,5530
789089,0,5530
763399,0,5530
856386,0,5530
792987,0,5530
833140,995,3
1036188,0,5530
730255,0,5530
1016470,0,5530
720005,0,5530
33488,0,5530
900017,0,5530
78460,0,5530
814585,0,5530
798354,0,5530
72903,0,5530
92521,0,5530
1123852,0,5530
72909,0,5530
81018,0,5530
733269,0,5530
85961,0,5530
901219,0,5530
1016281,0,5530
921500,0,5530
891103,0,5530
1039160,0,5530
93859,0,5530
796317,0,5530
1046859,0,5530
859735,0,5530
929299,3483,2
742054,3483,2
107833,3485,2
916863,3485,2
1227265,486,17
1227268,486,17
1037189,486,17
1170406,486,17
1209709,486,17
1043565,486,17
812818,486,17
1057051,486,17
1095007,486,17
1050915,0,5530
1073429,0,5530
73887,0,5530
1031623,0,5530
29989,0,5530
875525,0,5530
832767,0,5530
759718,0,5530
1029199,0,5530
922811,0,5530
21828,0,5530
20520,0,5530
928022,0,5530
814068,0,5530
1038133,0,5530
874016,0,5530
1157843,0,5530
899715,0,5530
866121,0,5530
97216,0,5530
899866,0,5530
882235,0,5530
940944,0,5530
1040829,0,5530
766704,0,5530
1021113,0,5530
310316,0,5530
882289,0,5530
831641,0,5530
1059262,0,5530
352510,0,5530
769856,3527,2
805993,3527,2
731012,0,5530
1110783,0,5530
1043769,0,5530
108385,0,5530
797871,0,5530
1068887,0,5530
1037976,0,5530
1039797,0,5530
880643,0,5530
1114220,0,5530
707179,0,5530
1037676,0,5530
923473,0,5530
17313,0,5530
897077,0,5530
65632,0,5530
1128956,0,5530
28385,0,5530
930738,0,5530
949158,0,5530
276209,3549,2
1019779,3549,2
1202610,3551,4
1221498,3551,4
1111244,3551,4
1182534,3551,4
99106,1017,4
34563,3556,2
1287503,3556,2
1183765,0,5530
1301106,0,5530
30305,0,5530
1110805,0,5530
897078,0,5530
800458,0,5530
829224,0,5530
1049758,0,5530
820757,0,5530
1082198,0,5530
95585,0,5530
874716,0,5530
707549,0,5530
946823,0,5530
740694,0,5530
1053148,0,5530
1084869,0,5530
854701,0,5530
788329,0,5530
945235,0,5530
1035678,0,5530
104169,0,5530
1228454,0,5530
845752,0,5530
1078203,0,5530
725460,0,5530
1046257,0,5530
1118384,3585,2
1162725,3585,2
1116132,0,5530
1016152,0,5530
82020,0,5530
754009,0,5530
97854,0,5530
1017793,1327,3
929920,3593,15
929921,3593,15
1206401,3593,15
824004,3593,15
1072805,3593,15
895334,3593,15
1018215,3593,15
1018216,3593,15
797544,3593,15
838856,3593,15
1127245,3593,15
869712,3593,15
869713,3593,15
746259,3593,15
895347,3593,15
906782,0,5530
1056756,0,5530
1056758,0,5530
32776,3611,3
100412,3611,3
1163943,0,5530
1262175,0,5530
1105018,3615,2
936404,3615,2
12208,3617,2
1166409,3617,2
98410,0,5530
1096788,0,5530
1108727,0,5530
866048,0,5530
225051,0,5530
1041866,0,5530
1018833,0,5530
1103126,0,5530
863157,0,5530
65201,0,5530
1093082,3629,2
25445,3629,2
917524,0,5530
888491,0,5530
1278384,0,5530
73020,0,5530
40554,3635,4
797463,3635,4
1039101,0,5530
1056239,0,5530
1206264,0,5530
39547,0,5530
1010552,0,5530
78066,0,5530
1099674,0,5530
790359,0,5530
771176,0,5530
745287,0,5530
1140657,0,5530
915016,0,5530
1059103,0,5530
847555,0,5530
883980,0,5530
1107194,0,5530
1074530,0,5530
894743,0,5530
713676,0,5530
889900,0,5530
1107050,0,5530
1295346,0,5530
68709,0,5530
1289434,0,5530
355999,0,5530
46195,0,5530
1019695,0,5530
1003950,0,5530
1085776,0,5530
866873,0,5530
948069,0,5530
930686,0,5530
70487,0,5530
1103345,0,5530
947397,0,5530
895648,3672,2
85388,3672,2
1287716,0,5530
1279846,0,5530
813640,0,5530
1105472,0,5530
1066833,0,5530
927829,0,5530
932903,0,5530
1120914,0,5530
799089,0,5530
1071342,0,5530
893160,0,5530
861878,0,5530
6176,0,5530
793547,0,5530
1046568,0,5530
1008817,0,5530
1077370,0,5530
804269,0,5530
319815,0,5530
1309351,3693,3
1297900,3693,3
1304423,3693,3
1053650,0,5530
1293572,0,5530
1298484,0,5530
1300670,0,5530
1290694,0,5530
1309395,0,5530
1289087,0,5530
1074902,3703,2
707855,3703,2
1003130,0,5530
20286,0,5530
851205,0,5530
1020265,0,5530
1075056,0,5530
921113,0,5530
755806,0,5530
354869,0,5530
87565,0,5530
857728,0,5530
879993,0,5530
1312500,3716,2
1296445,3716,2
1169445,3718,2
1051286,3718,2
750199,0,5530
1010775,0,5530
63330,0,5530
875357,0,5530
887149,0,5530
1102112,0,5530
350868,0,5530
1077771,0,5530
1203866,0,5530
54480,0,5530
929498,3730,2
733076,3730,2
775368,0,5530
896622,0,5530
1268984,0,5530
1290498,0,5530
1145404,0,5530
1308208,3737,2
798287,3737,2
887247,0,5530
832480,3740,4
71023,3740,4
353567,0,5530
1099291,3743,3
1117445,3743,3
1093799,3743,3
1307508,3746,5
1290205,3746,5
1217630,3746,5
895419,0,5530
877212,0,5530
802481,0,5530
1136893,0,5530
1057709,0,5530
920448,0,5530
855109,0,5530
108215,0,5530
78536,0,5530
1041380,0,5530
1046356,0,5530
1274032,3760,2
826326,3760,2
1282543,0,5530
834105,0,5530
852437,0,5530
909492,0,5530
769644,0,5530
1057436,0,5530
1210708,0,5530
902281,0,5530
1001916,0,5530
76321,0,5530
95304,0,5530
1295374,3773,137
1183265,3773,137
1229348,3773,137
1288748,3773,137
1271344,3773,137
1261111,3773,137
1178680,3773,137
1216057,3773,137
1307195,3773,137
1268283,3773,137
1176128,3773,137
1268291,3773,137
1281095,3773,137
1274440,3773,137
1169993,3773,137
1162830,3773,137
1216593,3773,137
1288811,3773,137
1165932,3773,137
1294965,3773,137
1211517,3773,137
1245821,3773,137
1245823,3773,137
1264256,3773,137
1207425,3773,137
1211522,3773,137
1264257,3773,137
1207426,3773,137
1183874,3773,137
1311881,3773,137
1170079,3773,137
1220259,3773,137
1220772,3773,137
1220773,3773,137
1274023,3773,137
1291434,3773,137
1291435,3773,137
1271466,3773,137
1291950,3773,137
1288883,3773,137
1261237,3773,137
1211573,3773,137
1201847,3773,137
1224889,3773,137
1200828,3773,137
1200829,3773,137
1247426,3773,137
1291463,3773,137
1309383,3773,137
1298122,3773,137
1220308,3773,137
1178842,3773,137
1178854,3773,137
1261798,3773,137
1224939,3773,137
1281784,3773,137
1216254,3773,137
1301258,3773,137
1301259,3773,137
1224460,3773,137
1220366,3773,137
1271056,3773,137
1174299,3773,137
1192220,3773,137
1192222,3773,137
1164065,3773,137
1306918,3773,137
1178918,3773,137
1306922,3773,137
1295156,3773,137
1298746,3773,137
1223995,3773,137
1298239,3773,137
1168200,3773,137
1279818,3773,137
1172300,3773,137
1295182,3773,137
1162063,3773,137
1268053,3773,137
1182560,3773,137
1295715,3773,137
1220970,3773,137
1211244,3773,137
1178992,3773,137
1168244,3773,137
1216379,3773,137
1191294,3773,137
1265030,3773,137
1202055,3773,137
1234822,3773,137
1256337,3773,137
1235345,3773,137
1235349,3773,137
1174433,3773,137
1209252,3773,137
1207209,3773,137
1191853,3773,137
1211311,3773,137
1221045,3773,137
1221052,3773,137
1288639,3773,137
1174464,3773,137
1291737,3773,137
1201113,3773,137
1166300,3773,137
1255906,3773,137
1169893,3773,137
1207784,3773,137
1228782,3773,137
1228785,3773,137
1228787,3773,137
1145851,3773,137
1178670,0,5530
722256,0,5530
1039828,0,5530
836102,0,5530
352983,0,5530
355804,0,5530
275053,0,5530
1063697,0,5530
1063698,0,5530
1063699,0,5530
1053507,0,5530
1093273,0,5530
33213,0,5530
819050,0,5530
1107332,0,5530
1037949,0,5530
68622,0,5530
891178,0,5530
1039189,0,5530
354913,0,5530
845091,3905,2
862923,3905,2
780434,0,5530
912183,0,5530
202953,0,5530
277925,0,5530
225775,0,5530
797468,0,5530
913885,0,5530
1004434,0,5530
356809,0,5530
1074771,0,5530
1236309,0,5530
1011174,0,5530
1036960,0,5530
768251,0,5530
753682,0,5530
88790,0,5530
920424,0,5530
835409,3924,2
355811,3924,2
1087835,3926,2
1076405,3926,2
13239,0,5530
1091735,0,5530
703604,0,5530
1051431,0,5530
1096658,0,5530
892553,0,5530
1276827,0,5530
897509,0,5530
913293,0,5530
4164,0,5530
4285,0,5530
929887,0,5530
811785,0,5530
849502,0,5530
1095981,0,5530
18169,0,5530
105729,0,5530
783412,0,5530
723639,0,5530
1107389,0,5530
920465,0,5530
910721,0,5530
1133016,0,5530
1005010,0,5530
896778,0,5530
866888,3953,6
882288,3953,6
820083,3953,6
1003638,3953,6
915194,3953,6
853086,3953,6
315293,0,5530
717059,0,5530
941604,0,5530
798955,0,5530
76791,0,5530
106535,0,5530
1166388,3965,2
803014,3965,2
938481,0,5530
1013786,0,5530
948708,0,5530
1033864,0,5530
354950,0,5530
1305001,3972,3
1305010,3972,3
1304988,3972,3
1137778,0,5530
97196,0,5530
910322,0,5530
919956,0,5530
879181,0,5530
917126,0,5530
26058,0,5530
1084067,3258,17
892997,3258,17
860331,3258,17
1156815,3258,17
1253328,3258,17
1253329,3258,17
845750,3258,17
913496,3258,17
869660,3258,17
1156445,3258,17
102752,0,5530
894253,0,5530
1034088,0,5530
815508,0,5530
1006269,0,5530
857323,0,5530
845072,0,5530
1023516,0,5530
1040161,0,5530
1011344,0,5530
933405,0,5530
776901,0,5530
18061,0,5530
915912,0,5530
64996,2467,3
1172358,0,5530
1043325,2610,15
878774,2610,15
886903,0,5530
76267,0,5530
1062019,0,5530
1088825,0,5530
1065034,0,5530
11199,0,5530
23071,0,5530
82166,0,5530
883241,0,5530
8858,0,5530
837991,0,5530
1067541,0,5530
1009672,0,5530
1013554,0,5530
717538,0,5530
914804,4025,3
823533,4025,3
874396,0,5530
1262925,0,5530
1041652,0,5530
8643,4030,2
201653,4030,2
880804,0,5530
1046880,4033,2
718937,4033,2
90185,0,5530
69680,0,5530
945489,0,5530
911576,0,5530
854915,4039,23
895239,4039,23
839945,4039,23
1066656,4039,23
1066658,4039,23
867495,4039,23
863535,4039,23
1097396,4039,23
808373,4039,23
914747,4039,23
880958,4039,23
873799,4039,23
925263,4039,23
925266,4039,23
1169749,4039,23
941912,4039,23
832350,4039,23
736999,4039,23
737000,4039,23
925306,4039,23
98537,0,5530
1028358,0,5530
1046578,0,5530
916075,0,5530
1002125,0,5530
276400,0,5530
917857,0,5530
110019,0,5530
106640,4067,2
706129,4067,2
1111665,0,5530
1060523,0,5530
816066,0,5530
1274057,0,5530
897429,0,5530
1013934,0,5530
717837,0,5530
704415,0,5530
711065,0,5530
878522,0,5530
1069157,0,5530
36377,0,5530
313616,0,5530
1031029,0,5530
745308,0,5530
806085,0,5530
1021810,0,5530
781891,0,5530
6720,0,5530
715072,0,5530
37808,0,5530
840387,0,5530
1284529,0,5530
1212113,0,5530
1278438,0,5530
81955,0,5530
1275477,0,5530
876167,0,5530
887136,0,5530
20212,0,5530
921503,0,5530
830524,0,5530
821616,0,5530
1017491,0,5530
1025743,0,5530
1085280,0,5530
44800,0,5530
1176334,0,5530
1003113,0,5530
708850,0,5530
1080224,0,5530
83402,0,5530
1092914,0,5530
749254,0,5530
1279228,0,5530
892025,0,5530
1043914,0,5530
1027974,0,5530
834306,0,5530
881524,0,5530
1068796,0,5530
902482,0,5530
350917,0,5530
1018952,0,5530
914373,0,5530
846926,0,5530
55387,4125,2
60549,4125,2
1025996,0,5530
1164863,0,5530
745026,0,5530
1016178,0,5530
1013462,0,5530
846581,0,5530
1137774,0,5530
1279363,0,5530
1064863,0,5530
1093691,0,5530
1005286,0,5530
893965,0,5530
1084765,0,5530
874689,0,5530
818020,2610,15
843076,2610,15
850184,2610,15
940329,2610,15
832141,2610,15
748847,2610,15
924124,2610,15
42293,0,5530
944537,0,5530
936528,0,5530
1067700,0,5530
1067702,0,5530
811156,0,5530
201533,0,5530
869905,0,5530
828064,0,5530
49196,0,5530
49029,0,5530
808219,0,5530
39311,0,5530
1031283,0,5530
19411,0,5530
1112263,0,5530
1285424,0,5530
13372,0,5530
1229206,0,5530
717306,0,5530
23259,0,5530
53669,0,5530
928592,0,5530
1016100,0,5530
315374,0,5530
69671,0,5530
919443,0,5530
47217,0,5530
64670,0,5530
719274,0,5530
863456,0,5530
1278739,0,5530
1052163,0,5530
1305417,0,5530
1274537,0,5530
1296270,0,5530
1310701,0,5530
1311090,0,5530
1293183,0,5530
878748,0,5530
913144,0,5530
1166041,0,5530
829608,0,5530
893430,0,5530
1125845,0,5530
839621,0,5530
1094005,0,5530
1020579,0,5530
1104252,0,5530
861838,0,5530
20629,0,5530
350621,0,5530
1143834,0,5530
1135711,0,5530
86144,0,5530
39368,0,5530
1076534,0,5530
23795,0,5530
350750,0,5530
1013796,0,5530
703329,0,5530
1033012,0,5530
757011,977,6
1219601,0,5530
1290114,0,5530
1290245,0,5530
1290117,0,5530
1290246,0,5530
1290120,0,5530
1290119,0,5530
1290122,0,5530
1290128,0,5530
1290135,0,5530
1298339,0,5530
1298340,0,5530
1298341,0,5530
1290156,0,5530
1290168,0,5530
1290300,0,5530
1290176,0,5530
1290182,0,5530
1290184,0,5530
1290105,0,5530
1290075,0,5530
1290077,0,5530
1290234,0,5530
1290085,0,5530
1290087,0,5530
1290090,0,5530
1290091,0,5530
1290097,0,5530
1290100,0,5530
1290233,0,5530
1290106,0,5530
1290236,0,5530
1290238,0,5530
761648,0,5530
1098972,0,5530
895655,0,5530
818479,0,5530
909494,0,5530
1093885,0,5530
1130166,0,5530
1251052,0,5530
1257781,0,5530
1273686,0,5530
1221023,0,5530
1183186,0,5530
1104730,0,5530
1230245,0,5530
1014111,0,5530
1036044,0,5530
1277406,0,5530
1002225,0,5530
1077814,0,5530
18568,0,5530
48287,0,5530
749290,0,5530
917273,0,5530
1082506,0,5530
1174874,0,5530
1090872,0,5530
1045150,0,5530
1174527,0,5530
737874,0,5530
720154,0,5530
921847,2200,4
1000209,0,5530
1004125,0,5530
814361,0,5530
840883,0,5530
829750,0,5530
1283616,0,5530
1295183,0,5530
1285106,0,5530
1285139,0,5530
1300638,0,5530
70145,0,5530
18255,0,5530
879123,4287,3
844143,4287,3
1292731,0,5530
914142,0,5530
78239,0,5530
1229282,0,5530
1270469,0,5530
1260549,0,5530
1265512,0,5530
1248553,0,5530
903571,4297,2
739460,4297,2
884064,0,5530
725058,0,5530
919013,0,5530
1058033,0,5530
916530,0,5530
1228874,4304,4
1166221,4304,4
1258602,4304,4
840264,0,5530
818682,0,5530
68270,0,5530
779956,4310,2
716101,4310,2
927653,0,5530
898777,0,5530
933036,0,5530
5117,0,5530
1282211,4316,9
1282098,4316,9
1205557,4316,9
1281942,4316,9
1282103,4316,9
1232440,4316,9
1282107,4316,9
1282109,4316,9
1282111,4316,9
51644,0,5530
51253,0,5530
1260828,4327,2
893813,4327,2
760498,0,5530
861459,0,5530
909950,0,5530
870517,0,5530
52532,0,5530
92230,0,5530
40545,3635,4
98362,0,5530
54441,2706,5
1137154,2706,5
92769,0,5530
893046,0,5530
1070412,0,5530
771729,0,5530
1005972,0,5530
6260,0,5530
23632,4345,3
74778,4345,3
1047862,4345,3
819793,0,5530
752431,0,5530
746782,0,5530
723188,0,5530
1122787,0,5530
889936,0,5530
922204,0,5530
65984,4355,9
60527,4355,9
71508,4355,9
66901,4355,9
202584,4355,9
44570,4355,9
7323,4355,9
1273784,0,5530
1065696,0,5530
1299704,0,5530
924505,0,5530
40461,0,5530
945481,4367,2
722051,4367,2
723527,0,5530
1262823,0,5530
217346,0,5530
724571,0,5530
1070380,0,5530
1236038,0,5530
864328,0,5530
887730,0,5530
1144519,0,5530
1297067,0,5530
1037646,0,5530
1129623,0,5530
1011028,0,5530
857668,4382,2
1274652,4382,2
931784,0,5530
846931,0,5530
906933,0,5530
753048,0,5530
40518,1017,4
895126,0,5530
707388,0,5530
821189,0,5530
1126975,0,5530
916540,0,5530
924168,0,5530
1279410,0,5530
352435,0,5530
105006,0,5530
1078259,0,5530
1025134,0,5530
891523,0,5530
1166220,4401,2
1158846,4401,2
1043866,0,5530
872448,0,5530
1001193,0,5530
1092458,0,5530
1277608,0,5530
884887,0,5530
202890,0,5530
913590,0,5530
1267238,4025,3
1162461,0,5530
831547,0,5530
75829,0,5530
1053352,0,5530
719402,4416,3
354963,4416,3
1287286,0,5530
1004036,0,5530
320186,0,5530
1015610,0,5530
1297568,0,5530
1062216,0,5530
8868,0,5530
835910,0,5530
1202157,4426,2
905895,4426,2
320431,0,5530
1276517,0,5530
1276518,0,5530
1053439,0,5530
1171032,0,5530
869487,0,5530
1110206,0,5530
708717,0,5530
740155,0,5530
856716,0,5530
26987,0,5530
1095531,0,5530
1289835,0,5530
203077,0,5530
1054905,0,5530
1059272,0,5530
90057,4444,2
57055,4444,2
1041418,0,5530
924829,0,5530
94887,0,5530
316300,0,5530
805012,0,5530
104918,0,5530
1005181,0,5530
1103777,0,5530
1003344,0,5530
1310667,4455,2
1303804,4455,2
914156,0,5530
1081290,0,5530
895665,0,5530
925988,0,5530
2601,0,5530
1002135,0,5530
1136352,0,5530
908179,0,5530
1275873,0,5530
923571,0,5530
1100441,0,5530
1050550,0,5530
893538,0,5530
94049,0,5530
820774,0,5530
1042134,0,5530
916076,0,5530
1267395,0,5530
796343,0,5530
1076195,0,5530
1029142,0,5530
1026744,0,5530
723371,0,5530
1103982,0,5530
1052045,0,5530
8670,0,5530
877422,0,5530
93542,0,5530
912960,0,5530
882509,0,5530
3499,0,5530
1040765,0,5530
1058290,0,5530
1054290,0,5530
865911,0,5530
1109808,0,5530
29332,0,5530
885538,0,5530
894081,0,5530
1267201,0,5530
773660,0,5530
880026,0,5530
1051490,0,5530
899723,0,5530
1284506,4501,2
1018005,4501,2
66570,0,5530
278130,0,5530
217084,0,5530
929351,0,5530
1260968,0,5530
203527,0,5530
75288,0,5530
929452,0,5530
1136796,0,5530
65358,0,5530
80124,0,5530
32878,0,5530
809428,0,5530
67887,0,5530
788885,4517,3
32198,4517,3
772406,0,5530
92380,0,5530
310433,0,5530
58361,0,5530
1267425,4523,8
1267426,4523,8
879555,4523,8
1003815,4523,8
815024,4523,8
913778,4523,8
835095,4523,8
853566,4523,8
1032761,0,5530
103730,0,5530
90283,0,5530
5272,0,5530
1260990,0,5530
1268671,0,5530
774569,0,5530
1046050,0,5530
1034992,0,5530
862861,0,5530
1279176,0,5530
357108,0,5530
1013238,0,5530
724606,0,5530
1104017,0,5530
894237,0,5530
34879,0,5530
1156295,0,5530
311657,4549,3
841866,4549,3
812233,0,5530
812074,0,5530
908255,0,5530
1065736,0,5530
912890,4555,2
1071411,4555,2
1130713,0,5530
880208,0,5530
1009405,0,5530
20232,0,5530
730000,0,5530
818074,0,5530
1084876,0,5530
800460,0,5530
1111559,0,5530
1092796,0,5530
1045014,0,5530
27419,0,5530
895380,0,5530
936931,0,5530
355622,0,5530
90045,0,5530
880432,0,5530
1271831,0,5530
840467,0,5530
1305168,0,5530
64247,0,5530
862255,0,5530
946356,0,5530
1115864,4580,3
1128252,4580,3
1104206,4580,3
1294154,0,5530
1163675,0,5530
945792,4585,4
1161868,4585,4
932628,4585,4
1161869,4585,4
931911,0,5530
870069,0,5530
941738,0,5530
1000683,0,5530
26324,0,5530
1169424,0,5530
700564,0,5530
1079023,0,5530
811592,4597,3
889123,4597,3
854092,4597,3
1241376,4600,2
1271792,4600,2
907254,0,5530
887568,0,5530
909276,0,5530
911649,0,5530
1270436,0,5530
913957,0,5530
1017008,0,5530
1106942,0,5530
1056923,0,5530
1183941,0,5530
786620,4612,4
356342,4612,4
913781,0,5530
1289490,0,5530
1088000,0,5530
1297704,0,5530
1276721,4618,2
1244041,4618,2
319240,4620,3
927133,4620,3
1221437,0,5530
814181,4623,2
35733,4623,2
1080922,0,5530
1078547,0,5530
714603,0,5530
858470,0,5530
822784,4629,5
704165,4629,5
790067,4629,5
733591,4629,5
822783,4629,5
1165002,0,5530
350692,0,5530
819220,0,5530
895041,0,5530
902600,4638,2
355007,4638,2
1048695,0,5530
1001718,0,5530
909793,0,5530
718130,0,5530
812890,0,5530
1211010,0,5530
1012887,0,5530
906193,0,5530
814250,0,5530
817720,0,5530
319450,0,5530
1095480,0,5530
22551,0,5530
1123494,0,5530
1275014,0,5530
1104855,0,5530
719733,0,5530
740670,0,5530
55080,0,5530
850141,0,5530
832812,0,5530
911787,4661,3
867963,4661,3
812491,0,5530
71241,0,5530
913659,0,5530
896985,0,5530
1001113,0,5530
928465,0,5530
1289001,4669,2
1072978,4669,2
1263050,2765,6
1023291,2765,6
27748,4673,2
14637,4673,2
857171,0,5530
1172052,0,5530
1037868,0,5530
883587,4678,2
84581,4678,2
1013351,0,5530
886128,0,5530
839947,4682,2
839948,4682,2
916536,0,5530
1174802,0,5530
930796,0,5530
1011309,0,5530
1024321,0,5530
1043639,0,5530
883787,0,5530
1255895,0,5530
1088893,0,5530
914712,0,5530
1099944,0,5530
857005,0,5530
89439,0,5530
1157624,0,5530
1106851,0,5530
877890,0,5530
750686,0,5530
718573,0,5530
933141,0,5530
1006837,0,5530
91767,0,5530
1023364,0,5530
836106,0,5530
908315,0,5530
703351,0,5530
1118941,0,5530
913277,0,5530
1095315,4711,2
937941,4711,2
109563,0,5530
1283858,0,5530
56978,0,5530
1095277,0,5530
3116,0,5530
1297720,4718,2
868263,4718,2
712771,4720,2
854071,4720,2
920371,0,5530
36146,4355,9
66895,4355,9
1216752,0,5530
1111721,0,5530
1009575,0,5530
769131,4728,3
791996,4728,3
743870,4728,3
278166,0,5530
712770,4732,2
14846,4732,2
30371,0,5530
1051116,0,5530
865941,0,5530
1035096,0,5530
356213,0,5530
1284812,0,5530
913949,0,5530
1073967,0,5530
316793,0,5530
947661,0,5530
795403,0,5530
894268,0,5530
891024,0,5530
353020,0,5530
1269132,0,5530
870826,0,5530
870228,0,5530
1236964,0,5530
720671,0,5530
1114999,0,5530
812482,0,5530
849145,0,5530
74208,0,5530
789933,0,5530
1074772,0,5530
837038,0,5530
1266700,0,5530
744962,0,5530
784539,0,5530
1193312,4763,4
1270481,4763,4
1224157,4763,4
1294734,4763,4
775473,0,5530
745732,0,5530
871763,0,5530
1289237,0,5530
108985,0,5530
1088146,0,5530
884940,0,5530
853665,0,5530
1074767,0,5530
855612,0,5530
817366,0,5530
870756,0,5530
911148,0,5530
729986,0,5530
1003515,0,5530
1006045,0,5530
1137019,0,5530
42582,0,5530
3570,0,5530
910523,0,5530
1031028,0,5530
100726,0,5530
1091862,0,5530
785956,0,5530
1114973,0,5530
1115836,4792,2
88095,4792,2
720896,0,5530
1058289,0,5530
1095105,0,5530
923282,0,5530
1068002,0,5530
1021010,0,5530
934549,0,5530
1261734,0,5530
1297288,4802,2
1306830,4802,2
851737,0,5530
1090507,0,5530
1024657,0,5530
65596,0,5530
1097297,0,5530
1093207,0,5530
1160294,0,5530
737300,0,5530
919567,0,5530
935497,0,5530
764244,0,5530
1097722,0,5530
1120102,0,5530
1130310,0,5530
726601,0,5530
1008654,0,5530
1054298,0,5530
319687,0,5530
1035092,4822,2
941814,4822,2
1091602,0,5530
351721,0,5530
854460,0,5530
946115,0,5530
6769,4828,2
727538,4828,2
880431,0,5530
1084752,0,5530
791907,0,5530
1069502,0,5530
709337,0,5530
722573,0,5530
896841,0,5530
77597,0,5530
1090403,0,5530
811933,1196,3
1062606,0,5530
1035201,0,5530
1037016,0,5530
24545,0,5530
1100395,0,5530
1169083,0,5530
729237,0,5530
918765,0,5530
804055,0,5530
815556,0,5530
1059763,0,5530
774937,0,5530
38074,0,5530
73756,0,5530
799698,0,5530
31277,0,5530
1282398,0,5530
828678,0,5530
911583,0,5530
910079,0,5530
746210,4860,2
935493,4860,2
751652,0,5530
901842,0,5530
1121788,0,5530
1089979,0,5530
1174272,4866,3
1010958,4866,3
46640,4868,2
1169077,4868,2
1043432,0,5530
1114483,0,5530
1009356,0,5530
1109525,0,5530
107687,0,5530
708250,0,5530
39047,0,5530
913275,0,5530
351754,0,5530
1049606,0,5530
913072,0,5530
8411,0,5530
80661,0,5530
1068875,0,5530
1023876,0,5530
352747,0,5530
1185348,0,5530
319256,0,5530
815743,0,5530
827052,0,5530
92103,0,5530
1040973,0,5530
1092605,0,5530
814915,0,5530
75488,4894,2
1004980,4894,2
922863,0,5530
1088653,0,5530
1040328,0,5530
944075,0,5530
1222840,4900,2
923284,4900,2
1028087,0,5530
913443,0,5530
1013880,0,5530
916704,0,5530
906163,0,5530
832489,4612,4
98827,0,5530
1013844,0,5530
1123333,0,5530
1047098,0,5530
732717,0,5530
887637,0,5530
23055,0,5530
1100270,0,5530
1279493,0,5530
949859,0,5530
726514,0,5530
86312,0,5530
351298,0,5530
1022671,0,5530
832483,0,5530
82628,0,5530
786947,0,5530
729213,0,5530
869561,0,5530
891293,0,5530
749647,0,5530
1113668,4929,2
1077926,4929,2
1032208,0,5530
92108,0,5530
75527,0,5530
1108320,4934,2
917491,4934,2
890319,0,5530
923120,0,5530
1067054,0,5530
105319,0,5530
1014052,0,5530
1056285,0,5530
51548,0,5530
745143,4943,6
792979,4943,6
763566,4943,6
810623,4943,6
751978,0,5530
1087277,0,5530
30841,0,5530
1028461,0,5530
1107914,0,5530
853274,0,5530
830156,0,5530
891098,0,5530
83612,0,5530
1060383,0,5530
790948,0,5530
1013220,0,5530
350426,0,5530
1001865,0,5530
1013559,0,5530
913951,0,5530
1265037,0,5530
1220823,0,5530
1224965,0,5530
1251607,0,5530
1228952,0,5530
1251609,0,5530
1251610,0,5530
1261850,0,5530
1274653,0,5530
1217061,0,5530
1237940,0,5530
1230021,0,5530
1257545,0,5530
1265227,0,5530
1229905,0,5530
1271506,0,5530
1257434,0,5530
1225180,0,5530
1250915,0,5530
1217001,0,5530
1265517,0,5530
1221357,0,5530
1257967,0,5530
1221358,0,5530
1268734,0,5530
1236863,0,5530
835664,0,5530
72423,0,5530
87864,0,5530
791915,0,5530
319191,0,5530
35214,0,5530
1001915,0,5530
813828,0,5530
1040240,4997,3
1098635,4997,3
1073703,4997,3
883902,0,5530
787250,5001,2
27430,5001,2
1029787,0,5530
41296,0,5530
879554,0,5530
1265492,0,5530
1262102,0,5530
1161824,0,5530
1176512,0,5530
1225666,0,5530
1184288,0,5530
1174472,0,5530
1158443,0,5530
1178990,0,5530
1202835,0,5530
1168564,0,5530
1172436,0,5530
1172410,0,5530
889057,0,5530
1048914,0,5530
873394,0,5530
8855,1630,25
708819,0,5530
927632,0,5530
927630,0,5530
352183,0,5530
320340,0,5530
18396,0,5530
1059568,0,5530
1059573,0,5530
1059575,0,5530
719589,0,5530
814222,0,5530
765232,0,5530
703667,0,5530
745302,0,5530
1073695,0,5530
910638,0,5530
821480,0,5530
789292,0,5530
774557,0,5530
810334,0,5530
782975,0,5530
1175598,0,5530
1198813,0,5530
1221382,0,5530
819527,0,5530
1079458,0,5530
1063744,0,5530
1248510,0,5530
1273494,0,5530
1027443,53,5
92195,0,5530
50183,0,5530
1061892,0,5530
1061893,0,5530
1236901,0,5530
1225260,0,5530
1229913,0,5530
1076930,0,5530
1160529,0,5530
1077175,0,5530
922255,0,5530
1195137,0,5530
1268738,0,5530
1207427,0,5530
1208072,0,5530
1172492,0,5530
1165837,0,5530
1172493,0,5530
1200402,0,5530
1261846,0,5530
1225115,0,5530
1216795,0,5530
1208088,0,5530
1257627,0,5530
1185314,0,5530
1185317,0,5530
1229480,0,5530
1271465,0,5530
1195050,0,5530
1168429,0,5530
1168182,0,5530
1191160,0,5530
1274434,0,5530
1213504,0,5530
1201861,0,5530
1271367,0,5530
1271499,0,5530
1168208,0,5530
1229906,0,5530
1172434,0,5530
1192402,0,5530
1177045,0,5530
1174614,0,5530
1257431,0,5530
1192667,0,5530
1268958,0,5530
1176289,0,5530
1271783,0,5530
1202536,0,5530
1212136,0,5530
1237230,0,5530
1209590,0,5530
1168888,0,5530
911215,0,5530
835955,5107,2
927807,5107,2
1022926,0,5530
943061,0,5530
875751,0,5530
1045829,0,5530
1053369,0,5530
1119811,0,5530
1063574,0,5530
919794,0,5530
854860,0,5530
355766,5118,2
865439,5118,2
1051719,0,5530
1045577,5121,3
874394,5121,3
904005,5121,3
1127712,0,5530
1083000,0,5530
1059496,0,5530
1050112,0,5530
1059498,0,5530
1072341,0,5530
32880,0,5530
723592,0,5530
1018963,0,5530
1069665,0,5530
49996,0,5530
1168061,0,5530
1061792,5136,2
864292,5136,2
895810,0,5530
917170,0,5530
1283027,0,5530
1283028,0,5530
1283030,0,5530
1283031,0,5530
1283032,0,5530
1283033,0,5530
793523,0,5530
836157,0,5530
946454,0,5530
1268803,0,5530
1216147,0,5530
1230510,0,5530
33656,0,5530
1115222,0,5530
1060349,0,5530
948515,0,5530
1166565,0,5530
1176394,0,5530
1261841,0,5530
1174396,0,5530
704051,0,5530
1095651,0,5530
889005,0,5530
810363,0,5530
870742,0,5530
846471,0,5530
805914,0,5530
861819,0,5530
317540,0,5530
914063,3746,5
57515,0,5530
105668,0,5530
736291,0,5530
1061504,0,5530
919465,5174,2
919463,5174,2
1190046,0,5530
1108341,0,5530
814457,0,5530
67931,0,5530
1142125,0,5530
1158165,0,5530
1070940,5182,3
744455,5182,3
857593,0,5530
1056294,0,5530
1228230,0,5530
1271195,0,5530
1216311,0,5530
1264952,0,5530
1221051,0,5530
1273983,0,5530
945688,0,5530
895364,5193,5
895366,5193,5
1095722,5193,5
1095723,5193,5
1052796,5193,5
1023362,0,5530
910632,1276,8
1144215,0,5530
1164727,0,5530
855103,2231,7
1268488,5203,9
1248641,5203,9
1272514,5203,9
64463,0,5530
1205512,0,5530
1170619,0,5530
19149,0,5530
1068152,0,5530
1270769,0,5530
1220858,0,5530
1240733,0,5530
1264175,0,5530
818008,0,5530
47518,0,5530
949957,0,5530
31791,0,5530
912365,0,5530
353943,0,5530
1043044,0,5530
1045702,1419,3
1058703,0,5530
727303,0,5530
1016179,0,5530
1084332,0,5530
766004,0,5530
1092825,0,5530
917406,0,5530
1235660,0,5530
1096051,0,5530
1095997,0,5530
878088,0,5530
895051,0,5530
785931,0,5530
74783,0,5530
858661,0,5530
39135,0,5530
1016577,0,5530
1002579,0,5530
1081971,0,5530
28871,0,5530
879303,0,5530
1172638,0,5530
889472,5245,3
929426,5245,3
826675,5245,3
1131227,0,5530
1257761,0,5530
1235347,0,5530
1270816,0,5530
1208368,0,5530
1168579,0,5530
1088454,0,5530
1000495,0,5530
910057,0,5530
888711,0,5530
875623,0,5530
922865,0,5530
818010,0,5530
944809,0,5530
942650,4287,3
1076441,0,5530
225463,0,5530
768408,0,5530
892875,0,5530
927569,0,5530
85704,0,5530
1042801,0,5530
52466,0,5530
899751,0,5530
1174627,0,5530
1170208,0,5530
1221044,0,5530
1230031,0,5530
1265762,0,5530
1251046,0,5530
1268840,0,5530
1257838,0,5530
1135338,5280,3
1015629,5280,3
1086795,0,5530
882287,0,5530
1067588,0,5530
1095594,0,5530
1034235,0,5530
915773,0,5530
74691,0,5530
1271161,0,5530
930735,0,5530
771983,1860,3
1245445,0,5530
1101491,0,5530
1227941,0,5530
1073615,0,5530
875570,0,5530
1078295,0,5530
17927,0,5530
1067797,0,5530
1160214,3773,137
1145891,3773,137
1162828,3773,137
1145954,3773,137
1137252,3773,137
1165927,3773,137
1139304,3773,137
1264258,3773,137
1143943,3773,137
1144474,3773,137
1158327,3773,137
1163474,3773,137
1144029,3773,137
1168097,3773,137
1141504,3773,137
1157920,3773,137
1158455,3773,137
1161529,3773,137
1139514,3773,137
1163589,3773,137
1160537,3773,137
1139050,3773,137
1161622,3773,137
1162155,3773,137
1171948,3773,137
1086467,0,5530
832091,5326,4
786622,5326,4
755933,4517,3
1138606,0,5530
1261861,0,5530
1020905,0,5530
1060391,0,5530
1216594,0,5530
1211755,0,5530
1265280,0,5530
1265281,0,5530
1265282,0,5530
1265278,0,5530
1265279,0,5530
909990,0,5530
892986,0,5530
858655,0,5530
1171825,0,5530
1236889,0,5530
832179,0,5530
1186308,0,5530
1201864,0,5530
929540,0,5530
929518,0,5530
1172222,0,5530
929649,0,5530
857957,0,5530
919957,0,5530
1035688,0,5530
893741,0,5530
718915,2610,15
912906,0,5530
906595,0,5530
1059274,0,5530
34339,0,5530
91440,0,5530
1002902,0,5530
721083,0,5530
105839,0,5530
1159157,0,5530
1173495,0,5530
56824,0,5530
1007298,0,5530
710976,0,5530
917968,0,5530
1138234,0,5530
830257,0,5530
842518,0,5530
1176973,0,5530
1179061,0,5530
1219665,0,5530
1172433,0,5530
1221465,0,5530
1170162,0,5530
889156,0,5530
1067550,0,5530
1174519,0,5530
1129981,0,5530
1023902,0,5530
1035976,0,5530
894490,0,5530
727742,2205,3
101821,0,5530
205239,0,5530
913201,0,5530
1084918,2224,5
16804,5392,2
61398,5392,2
1106036,2231,7
1106037,2231,7
1106038,2231,7
1172231,0,5530
1193480,0,5530
1202825,0,5530
1173898,0,5530
1202189,0,5530
1183270,0,5530
1169073,0,5530
1213506,0,5530
1179080,0,5530
1166542,0,5530
1187537,0,5530
1175002,0,5530
1212137,0,5530
1208432,0,5530
1178995,0,5530
84129,0,5530
1260907,0,5530
1270815,0,5530
1024787,0,5530
96879,0,5530
753568,0,5530
942133,0,5530
878526,0,5530
1002388,0,5530
907237,4620,3
1017907,0,5530
886235,0,5530
1018920,0,5530
878314,0,5530
736260,0,5530
916396,0,5530
842699,0,5530
18230,0,5530
910134,0,5530
205520,0,5530
55785,0,5530
18532,5433,3
818762,5433,3
818764,5433,3
14803,0,5530
878731,5437,2
898684,5437,2
1066194,0,5530
1168950,0,5530
1017958,0,5530
929994,0,5530
949373,0,5530
73225,5444,2
785815,5444,2
1065418,0,5530
1261851,0,5530
841127,0,5530
1016277,0,5530
1126328,0,5530
828944,0,5530
1010286,0,5530
1163302,0,5530
882508,0,5530
812446,0,5530
1192065,0,5530
1193252,0,5530
1211514,0,5530
929470,0,5530
101844,0,5530
883569,0,5530
786110,0,5530
850090,0,5530
882484,0,5530
1173723,0,5530
1172857,0,5530
1047125,0,5530
351817,0,5530
1175474,0,5530
1175820,0,5530
1203090,0,5530
1208022,0,5530
1044324,0,5530
33325,0,5530
1027281,0,5530
949968,0,5530
812301,0,5530
1012956,0,5530
1126499,0,5530
1021009,5480,2
1037682,5480,2
879635,0,5530
915508,0,5530
866729,0,5530
949297,0,5530
1052102,0,5530
1000564,0,5530
1000654,0,5530
1134061,0,5530
1221637,0,5530
1271821,0,5530
1202830,0,5530
1218260,0,5530
1265759,0,5530
1174629,0,5530
1207797,0,5530
1018152,0,5530
1067457,0,5530
706688,0,5530
884130,0,5530
32621,0,5530
872855,0,5530
887424,0,5530
859907,0,5530
887425,0,5530
887438,0,5530
871327,0,5530
871332,0,5530
1038815,0,5530
81061,0,5530
898437,0,5530
767673,0,5530
816284,0,5530
868984,5514,2
29693,5514,2
19731,0,5530
914670,0,5530
901138,0,5530
1156388,0,5530
1176348,0,5530
1192763,0,5530
1211981,0,5530
1247857,0,5530
1058177,0,5530
1075066,5525,2
751365,5525,2
878483,0,5530
803027,0,5530
8818,0,5530
789356,0,5530
1029831,0,5530
1102620,0,5530
906551,0,5530
1056464,0,5530
1056465,0,5530
1100514,0,5530
883948,0,5530
920317,5538,2
1052327,5538,2
874443,0,5530
789670,0,5530
18605,0,5530
821483,5543,2
276750,5543,2
948268,0,5530
1029850,0,5530
827054,0,5530
1174474,0,5530
25212,0,5530
945983,0,5530
106455,0,5530
1082692,0,5530
1082699,0,5530
102037,0,5530
764241,0,5530
799233,0,5530
1127399,0,5530
898805,0,5530
740971,4661,3
911323,0,5530
850209,0,5530
793983,0,5530
310624,0,5530
1047739,0,5530
1055355,0,5530
1058425,0,5530
766701,0,5530
1266403,0,5530
1036262,0,5530
1103389,0,5530
793961,0,5530
843081,0,5530
68726,0,5530
1040896,0,5530
1140590,0,5530
884782,0,5530
810029,0,5530
815094,0,5530
1116181,0,5530
6951,0,5530
88941,0,5530
1062449,5582,2
768119,5582,2
883697,0,5530
1012019,0,5530
899636,0,5530
923139,0,5530
930454,1027,3
1172058,0,5530
1172196,0,5530
1172181,0,5530
784199,0,5530
19745,5593,3
850414,5593,3
1082554,0,5530
1131131,5596,2
834071,5596,2
1001838,0,5530
812910,0,5530
908141,570,15
920033,0,5530
1014733,5602,2
866671,5602,2
835357,0,5530
1069822,0,5530
1161625,0,5530
1137047,0,5530
101199,0,5530
780127,0,5530
9801,0,5530
1221152,5611,3
1261659,5611,3
1274575,5611,3
1091822,0,5530
1103313,0,5530
1042465,0,5530
891014,0,5530
1005501,0,5530
50601,0,5530
1143363,0,5530
884124,0,5530
737296,5622,2
833225,5622,2
1096142,0,5530
921929,0,5530
816159,0,5530
1129446,0,5530
949157,0,5530
91419,0,5530
1063393,0,5530
701650,0,5530
1084726,0,5530
1093779,0,5530
866734,0,5530
33015,2765,6
1065332,0,5530
1078394,0,5530
31660,0,5530
1224352,5639,5
1169735,5639,5
1225457,5639,5
1225459,5639,5
1225015,5639,5
1018399,0,5530
1058441,0,5530
920521,0,5530
316770,0,5530
27673,0,5530
1060763,0,5530
1062604,0,5530
947354,3635,4
1176372,0,5530
1082859,0,5530
1082567,0,5530
1000180,0,5530
1171759,0,5530
944792,0,5530
50341,0,5530
1232549,0,5530
912382,0,5530
1022644,2845,3
915390,0,5530
65270,0,5530
865084,0,5530
1045309,0,5530
1129155,0,5530
742278,0,5530
737762,0,5530
824778,0,5530
757597,0,5530
805391,0,5530
805392,0,5530
783763,0,5530
783765,0,5530
783764,0,5530
1270918,0,5530
1274164,0,5530
1274038,0,5530
1264831,0,5530
1226570,0,5530
1229260,0,5530
1226829,0,5530
1226830,0,5530
1264853,0,5530
1264602,0,5530
1270371,0,5530
1257339,0,5530
1274110,0,5530
880460,5689,2
802356,5689,2
915324,0,5530
742685,0,5530
911935,0,5530
891106,5694,2
946924,5694,2
1065351,0,5530
225263,0,5530
855931,0,5530
1041803,5699,3
929647,5699,3
860731,0,5530
105418,0,5530
28367,0,5530
71428,0,5530
71689,0,5530
19722,0,5530
19725,0,5530
71344,0,5530
1079880,0,5530
1050566,0,5530
1198233,0,5530
86521,0,5530
205700,0,5530
875359,0,5530
1020616,0,5530
88205,0,5530
893571,0,5530
856203,0,5530
856204,0,5530
913057,0,5530
913058,0,5530
863779,0,5530
863785,0,5530
829739,0,5530
817845,0,5530
837985,0,5530
837986,0,5530
943718,0,5530
879980,0,5530
879982,0,5530
806510,0,5530
788338,0,5530
943730,0,5530
893562,0,5530
746514,0,5530
1039889,0,5530
1195933,0,5530
915779,5738,3
79677,5738,3
1084075,3258,17
875278,3258,17
30908,0,5530
1083200,0,5530
891532,0,5530
16873,5745,2
1059167,5745,2
800730,0,5530
107874,0,5530
1000232,0,5530
1220468,5750,2
1224182,5750,2
713975,0,5530
1002638,0,5530
1220672,0,5530
1236611,0,5530
1168964,0,5530
1250758,0,5530
1237225,0,5530
1224874,0,5530
1228978,0,5530
1268435,0,5530
1263060,0,5530
1268341,0,5530
1224563,0,5530
1264601,0,5530
1261595,0,5530
1270653,0,5530
1029336,0,5530
1028215,0,5530
28325,570,15
924515,0,5530
93410,0,5530
1023184,0,5530
809875,0,5530
1024452,0,5530
911177,5776,3
724742,5776,3
789895,5778,3
806031,5778,3
27904,0,5530
877273,0,5530
1076103,0,5530
109177,0,5530
1059581,0,5530
917520,0,5530
55604,0,5530
885640,0,5530
1169463,0,5530
3133,5789,2
1116077,5789,2
1255914,0,5530
1021770,0,5530
1249369,5793,2
1256999,5793,2
101063,0,5530
920769,0,5530
919482,0,5530
1169237,0,5530
1082510,0,5530
1176329,0,5530
1176391,0,5530
886158,0,5530
918541,0,5530
785557,0,5530
739626,0,5530
718482,0,5530
1052773,0,5530
1178809,0,5530
1261255,5203,9
1264394,5203,9
1231442,5203,9
1225011,5203,9
1274134,5203,9
1248636,5203,9
1054070,4549,3
1224949,5816,2
1265671,5816,2
1076641,0,5530
1110803,0,5530
1271193,5776,3
786765,0,5530
736822,0,5530
102198,0,5530
817161,0,5530
48681,0,5530
1014920,0,5530
1013871,0,5530
1005268,0,5530
864749,0,5530
922487,0,5530
356591,0,5530
1051771,0,5530
1036075,0,5530
717724,0,5530
840258,5835,2
809034,5835,2
820474,0,5530
104889,0,5530
813920,0,5530
1009244,0,5530
935066,0,5530
1111001,0,5530
719447,0,5530
1248305,0,5530
85417,0,5530
1012131,0,5530
859737,0,5530
1099160,0,5530
1050080,0,5530
1169358,0,5530
850660,0,5530
706874,0,5530
750901,0,5530
1168409,0,5530
803112,0,5530
103884,0,5530
80293,0,5530
940659,0,5530
720145,0,5530
1226308,0,5530
1160241,0,5530
1116463,0,5530
878897,0,5530
851207,143,3
1091801,0,5530
849979,0,5530
72971,5867,2
1024047,5867,2
316884,0,5530
861895,0,5530
72333,0,5530
913353,5872,2
749660,5872,2
789863,0,5530
778438,0,5530
21344,0,5530
811828,0,5530
807877,0,5530
911151,0,5530
785161,0,5530
1054930,0,5530
1030206,0,5530
1020476,0,5530
1136303,0,5530
874759,0,5530
908612,0,5530
15310,0,5530
1016831,0,5530
27751,0,5530
1015464,0,5530
876528,4612,4
1051381,0,5530
854093,0,5530
1101723,0,5530
732417,0,5530
100493,0,5530
929455,0,5530
1174735,0,5530
918578,0,5530
912465,0,5530
1003986,0,5530
105096,0,5530
912263,0,5530
1070699,0,5530
904896,0,5530
1121936,53,5
1105519,53,5
1060990,3740,4
890080,5909,3
890081,5909,3
912908,5909,3
884624,0,5530
736012,0,5530
353944,0,5530
1004963,0,5530
1038357,0,5530
1261686,0,5530
1025169,0,5530
1141215,0,5530
1043134,0,5530
1124869,0,5530
1143945,0,5530
1084944,0,5530
1160081,0,5530
1082514,0,5530
1084946,0,5530
1095444,0,5530
1086870,0,5530
1115413,0,5530
1089052,0,5530
1128733,0,5530
1130269,0,5530
1127075,0,5530
1137192,0,5530
1145514,0,5530
1145515,0,5530
1014956,0,5530
1091637,0,5530
1104187,0,5530
1102780,0,5530
1089213,0,5530
1141439,0,5530
1206209,0,5530
1139136,0,5530
1139150,0,5530
1066836,0,5530
1110357,0,5530
1137750,0,5530
1141336,0,5530
1071201,0,5530
1120099,0,5530
1143779,0,5530
1158248,0,5530
1093737,0,5530
1093738,0,5530
1157997,0,5530
1084141,0,5530
1161328,0,5530
1130486,0,5530
1136637,0,5530
878375,0,5530
1077866,0,5530
1097892,0,5530
1132809,0,5530
64578,0,5530
1083318,0,5530
97886,0,5530
59527,0,5530
766829,0,5530
1108673,0,5530
825953,5971,2
729284,5971,2
742275,0,5530
44471,0,5530
875296,0,5530
885475,0,5530
1114872,0,5530
1204560,0,5530
904973,0,5530
1008946,0,5530
1078383,5981,2
1258655,5981,2
857953,0,5530
806168,0,5530
779544,0,5530
921751,0,5530
856569,0,5530
1043382,0,5530
796577,0,5530
73609,0,5530
1050776,0,5530
855182,0,5530
1073890,0,5530
62741,0,5530
948545,0,5530
1061895,0,5530
933454,5997,2
1109279,5997,2
912643,0,5530
1038459,0,5530
1060749,0,5530
40934,0,5530
1022652,0,5530
43952,0,5530
316672,0,5530
1160425,0,5530
1222292,6007,2
1264126,6007,2
873538,0,5530
895650,6010,2
225211,6010,2
858346,6012,2
736772,6012,2
1120155,0,5530
69488,5593,3
885568,4416,3
818669,4943,6
1131806,0,5530
844059,0,5530
916365,0,5530
1041255,0,5530
727510,0,5530
1011585,0,5530
1013218,0,5530
726512,0,5530
1061976,0,5530
1209809,0,5530
711512,6028,2
745061,6028,2
40865,0,5530
40878,0,5530
1078425,0,5530
1102287,0,5530
61478,0,5530
1116613,0,5530
1177024,0,5530
1170277,0,5530
1169574,0,5530
1194344,0,5530
1170124,0,5530
1170620,0,5530
1176957,0,5530
1178718,0,5530
859360,0,5530
1129552,0,5530
1098322,0,5530
1095357,0,5530
1019285,0,5530
901119,6049,2
932111,6049,2
16732,0,5530
1063786,6052,3
1002439,6052,3
819975,6052,3
100893,0,5530
943322,0,5530
1063882,0,5530
911534,0,5530
770618,0,5530
943323,0,5530
930095,0,5530
1071119,0,5530
912393,6063,2
931917,6063,2
1089953,0,5530
1067636,0,5530
1208416,6067,4
1176177,6067,4
1168021,6067,4
1182670,6067,4
1020389,0,5530
922251,0,5530
740663,0,5530
1059130,0,5530
1195544,0,5530
1199369,0,5530
906408,0,5530
918577,0,5530
949322,0,5530
1043277,0,5530
1022701,0,5530
887508,0,5530
878517,0,5530
790381,6084,2
1109711,6084,2
24008,6086,3
1039785,6086,3
1039786,6086,3
1046832,0,5530
712511,0,5530
8192,6091,6
1135971,6091,6
27879,6091,6
1138120,6091,6
79732,6091,6
1029590,6091,6
813856,0,5530
768158,0,5530
874786,0,5530
748218,5778,3
1117392,0,5530
86115,0,5530
889949,0,5530
882365,0,5530
864890,0,5530
1022079,0,5530
1178997,6107,3
1203085,6107,3
1174623,6107,3
1000688,0,5530
741612,6111,2
22767,6111,2
4977,0,5530
1194626,6114,27
1184259,6114,27
1172482,6114,27
1176458,6114,27
1176459,6114,27
1176588,6114,27
1170317,6114,27
1166353,6114,27
1170322,6114,27
1211678,6114,27
1172510,6114,27
1211938,6114,27
1166250,6114,27
1168310,6114,27
1176519,6114,27
1194952,6114,27
1194953,6114,27
1194951,6114,27
1194954,6114,27
1194958,6114,27
1208271,6114,27
1194331,6114,27
1212261,6114,27
1176935,6114,27
1194990,6114,27
1170165,6114,27
1178999,6114,27
1036213,5182,3
1041878,0,5530
1068969,0,5530
925600,6144,2
1013698,6144,2
890096,0,5530
1068144,0,5530
65384,6148,3
1175790,6148,3
1172889,2231,7
805297,5326,4
832095,5326,4
1072369,0,5530
352789,0,5530
1075244,0,5530
713138,0,5530
1107721,0,5530
1222344,6158,2
826219,6158,2
70538,0,5530
1050715,0,5530
1100718,4304,4
1121786,0,5530
90794,3611,3
1070241,0,5530
724332,0,5530
821572,6167,3
7214,6167,3
1091601,0,5530
1076761,334,4
945094,6171,5
900423,6171,5
1201376,0,5530
1202558,0,5530
1192359,0,5530
1103280,0,5530
802806,0,5530
1038237,6178,2
1052958,6178,2
1163267,0,5530
1002664,6181,2
1066256,6181,2
801128,0,5530
877494,0,5530
929775,0,5530
1060744,0,5530
1137719,334,4
890640,0,5530
1116141,0,5530
318870,0,5530
1035744,0,5530
852952,0,5530
1058623,0,5530
15840,0,5530
1001384,6195,3
1122211,6195,3
1127783,6195,3
1091284,0,5530
807873,0,5530
793730,6200,2
814458,6200,2
1029069,0,5530
948590,5280,3
883983,0,5530
1030992,0,5530
874501,0,5530
1087779,0,5530
1018905,6208,4
1176322,6208,4
1176349,6208,4
1017447,6208,4
64978,0,5530
22912,0,5530
1214614,0,5530
1214616,0,5530
1214617,0,5530
1214619,0,5530
1214620,0,5530
1214622,0,5530
1214623,0,5530
1214625,0,5530
1214626,0,5530
1214628,0,5530
1214630,0,5530
1214631,0,5530
1214632,0,5530
1127091,0,5530
1127120,0,5530
1127124,0,5530
1127127,0,5530
1127128,0,5530
1127132,0,5530
1127133,0,5530
1127134,0,5530
1127135,0,5530
1127136,0,5530
1127137,0,5530
1219050,0,5530
1219051,0,5530
1219052,0,5530
1026650,0,5530
1058959,0,5530
1009833,0,5530
728586,0,5530
945633,0,5530
1114617,0,5530
1021270,0,5530
1159969,0,5530
1159970,0,5530
1159971,0,5530
1159972,0,5530
1159977,0,5530
1159979,0,5530
1159980,0,5530
1159981,0,5530
1159982,0,5530
1159983,0,5530
883521,0,5530
883522,0,5530
883533,0,5530
883534,0,5530
885716,0,5530
883540,0,5530
883545,0,5530
814453,0,5530
1042598,0,5530
911360,0,5530
352736,6171,5
839759,6171,5
910739,6171,5
879815,1963,25
911359,0,5530
1123647,0,5530
1129989,0,5530
904543,0,5530
1067462,2610,15
891035,0,5530
934550,6278,2
868671,6278,2
1114674,0,5530
1046131,0,5530
856072,0,5530
719184,0,5530
1179092,0,5530
1208253,0,5530
799824,2143,4
3721,0,5530
1050119,0,5530
909987,6289,3
1174731,6289,3
911708,0,5530
732712,0,5530
1003114,0,5530
1066745,0,5530
712843,0,5530
92827,0,5530
926283,6297,2
926285,6297,2
1182887,6299,8
1208999,6299,8
1205737,6299,8
1208367,6299,8
1169556,6299,8
1175125,6299,8
1185174,6299,8
1197212,6299,8
885533,0,5530
1024302,0,5530
1089472,6309,4
1168673,6309,4
1126311,6309,4
748901,0,5530
818084,0,5530
871014,0,5530
1043236,0,5530
946155,0,5530
847557,6317,15
847558,6317,15
868679,6317,15
868680,6317,15
868681,6317,15
842184,6317,15
853937,6317,15
925288,0,5530
1020871,0,5530
1066657,4039,23
1044646,4039,23
701286,4039,23
13547,6329,2
912875,6329,2
883984,6331,2
94538,6331,2
96021,0,5530
934547,0,5530
1124468,0,5530
1092435,0,5530
1114676,0,5530
1092436,0,5530
865936,0,5530
835900,0,5530
849870,0,5530
931152,6342,2
1115252,6342,2
773136,0,5530
796502,0,5530
1036538,0,5530
1070778,0,5530
352305,0,5530
1085321,3144,4
1086484,3144,4
1061890,0,5530
808493,0,5530
1084961,0,5530
1045956,0,5530
1062292,0,5530
949486,0,5530
917711,0,5530
933401,6358,2
1037927,6358,2
751976,0,5530
1070658,0,5530
948727,0,5530
1060439,0,5530
225628,6309,4
903267,0,5530
1063381,0,5530
1063382,0,5530
1096479,0,5530
65914,0,5530
778426,0,5530
1046112,0,5530
1045597,0,5530
1059186,0,5530
1208029,0,5530
1208028,0,5530
1191957,0,5530
1178576,0,5530
61442,0,5530
732713,0,5530
853083,0,5530
1166720,0,5530
920427,3740,4
879301,0,5530
811437,0,5530
784014,0,5530
724533,0,5530
37996,0,5530
1176320,6388,2
1033146,6388,2
914479,0,5530
66740,0,5530
46267,0,5530
720672,0,5530
831491,0,5530
20,0,5530
912595,0,5530
913610,0,5530
1041426,6398,2
720013,6398,2
1134971,0,5530
1009532,6401,2
716133,6401,2
1158168,0,5530
1142126,0,5530
853547,0,5530
906549,0,5530
1097002,0,5530
34587,0,5530
1038358,0,5530
1089143,0,5530
712534,0,5530
1043012,0,5530
1095901,0,5530
824482,3127,4
67686,0,5530
1134224,0,5530
1109354,0,5530
949504,0,5530
913285,0,5530
819706,0,5530
1038223,0,5530
1043482,0,5530
1068617,0,5530
1034416,3248,5
1095157,0,5530
46535,0,5530
1106917,0,5530
320193,0,5530
1009759,0,5530
320321,0,5530
1119040,0,5530
1225344,6432,7
1176996,6432,7
1170389,6432,7
1021913,6432,7
1225338,6432,7
1225340,6432,7
1225342,6432,7
1049537,6439,2
1156124,6439,2
1043476,0,5530
1098574,0,5530
1026808,0,5530
859636,0,5530
46109,0,5530
1057058,0,5530
805928,5738,3
843626,0,5530
18808,6449,2
203596,6449,2
1114937,6451,2
1024124,6451,2
2186,0,5530
1021285,0,5530
1072603,0,5530
1101547,0,5530
825315,6457,5
878278,6457,5
812909,6457,5
853496,6457,5
835322,6457,5
839219,0,5530
800459,0,5530
918958,4866,3
1005335,486,17
944697,486,17
1114040,0,5530
1020866,0,5530
917224,6469,2
912593,6469,2
1139218,0,5530
23304,0,5530
89270,0,5530
1166775,0,5530
1049530,6475,3
1092013,6475,3
1049510,6475,3
845877,0,5530
1096536,0,5530
886035,0,5530
920990,0,5530
798757,0,5530
351145,0,5530
1036629,0,5530
11860,0,5530
908754,0,5530
1038363,0,5530
1010141,0,5530
719220,6489,2
1041637,6489,2
1046284,0,5530
740112,0,5530
78311,0,5530
923877,0,5530
105744,0,5530
1082397,0,5530
917321,0,5530
1113605,0,5530
888793,0,5530
714562,6500,2
1135253,6500,2
1016466,6502,3
1164765,6502,3
1164766,6502,3
1182601,6505,4
1175210,6505,4
1172299,6505,4
1036804,6505,4
51303,0,5530
110740,0,5530
1004440,6511,2
9466,6511,2
935703,0,5530
825535,6167,3
895234,6317,15
812072,6317,15
788813,6317,15
857645,6317,15
824210,6317,15
874395,6317,15
928956,6317,15
847517,6317,15
1057379,0,5530
797917,0,5530
853816,0,5530
849869,0,5530
714655,0,5530
744778,0,5530
1098911,0,5530
843387,6530,3
840334,6530,3
856751,0,5530
830260,0,5530
1071620,0,5530
82409,0,5530
870213,0,5530
1050934,0,5530
1068906,0,5530
1141496,0,5530
1019101,0,5530
1212123,0,5530
1039780,0,5530
912752,0,5530
1039583,0,5530
1096002,6545,3
1137445,6545,3
1095855,6545,3
85149,0,5530
799033,0,5530
804731,0,5530
1039276,0,5530
948850,0,5530
785932,5699,3
1083243,0,5530
1166723,6555,2
1175215,6555,2
1031203,0,5530
1070242,0,5530
1071001,0,5530
1071003,0,5530
1032562,6289,3
819939,0,5530
1060240,6563,2
97432,6563,2
899426,0,5530
849043,0,5530
319459,0,5530
1054131,0,5530
1024729,0,5530
1164123,6570,2
920771,6570,2
1034258,0,5530
202240,6573,4
711604,6573,4
917707,0,5530
811640,0,5530
891788,0,5530
1133421,0,5530
1136586,6579,3
1126531,6579,3
1126530,6579,3
76063,0,5530
1022321,0,5530
3952,0,5530
1195141,0,5530
1212438,0,5530
895541,0,5530
40864,0,5530
40867,0,5530
11107,0,5530
1024725,0,5530
29646,0,5530
1010612,0,5530
940298,0,5530
1196073,0,5530
1040445,0,5530
215310,0,5530
1018354,0,5530
1098402,0,5530
1058991,0,5530
884219,0,5530
868016,6148,3
1060595,0,5530
887919,0,5530
1111312,0,5530
72843,0,5530
929697,6607,2
1088382,6607,2
1075658,0,5530
30554,0,5530
1109537,0,5530
87918,0,5530
95676,0,5530
922981,0,5530
830141,0,5530
743368,0,5530
3000,0,5530
21076,0,5530
895417,0,5530
785959,6530,3
851797,0,5530
1024478,0,5530
21212,0,5530
1086939,0,5530
804121,0,5530
814046,6573,4
747159,6573,4
1101066,6628,2
1225763,6628,2
1121309,0,5530
750556,0,5530
1040454,0,5530
828750,0,5530
718909,0,5530
865846,0,5530
858715,6636,2
825788,6636,2
1031563,6638,2
1028911,6638,2
1072881,0,5530
1030740,0,5530
910659,0,5530
1022820,0,5530
1180230,0,5530
1089504,0,5530
708955,0,5530
1057725,0,5530
94784,0,5530
906111,0,5530
49600,0,5530
1010915,0,5530
1170975,0,5530
1188303,0,5530
2589,0,5530
1052743,0,5530
1087955,0,5530
748212,6657,2
1101020,6657,2
874212,0,5530
1023128,0,5530
718789,0,5530
1176983,0,5530
930481,0,5530
103872,0,5530
930885,0,5530
1034072,0,5530
1052054,0,5530
1062336,3746,5
1071598,6669,3
1113527,6669,3
1009657,0,5530
350894,0,5530
806514,0,5530
740796,0,5530
815917,0,5530
857847,0,5530
31107,0,5530
849101,0,5530
805054,0,5530
1035181,0,5530
925601,0,5530
1114068,6682,2
1006614,6682,2
802242,0,5530
1113256,0,5530
944948,28,5
1097609,0,5530
922810,0,5530
88255,0,5530
891377,0,5530
1011693,0,5530
1065298,0,5530
887137,0,5530
62996,0,5530
55135,0,5530
942319,0,5530
1030487,0,5530
1085098,0,5530
1033926,0,5530
1205548,0,5530
882830,6669,3
763563,0,5530
860749,0,5530
703904,0,5530
1046099,0,5530
819480,0,5530
834162,0,5530
22356,0,5530
1145076,0,5530
31462,0,5530
904901,0,5530
909281,6712,2
1095355,6712,2
79282,0,5530
845029,4943,6
1016169,0,5530
